country,stateProvince,county,domainName,domainID,siteName,siteID,plotType,subtype,subtypeSpecification,plotID,plotSize,plotDimensions,referencePointPosition,decimalLatitude,decimalLongitude,geodeticDatum,utmZone,easting,northing,coordinateUncertainty,elevation,elevationUncertainty,minimumElevation,maximumElevation,slopeGradient,slopeAspect,nlcdClass,soilTypeOrder,coordinateSource,recordedDate,filteredPositions,plotPdop,plotHdop,plotName,sampledAppMod,plotStatus,plotStartDate,plotEndDate
unitedStates,WA,Clark,Pacific Northwest,D16,Abby Road NEON,ABBY,distributed,basePlot,,ABBY_005,1600,40m x 40m,41,45.770977,-122.389412,WGS84,10N,547473.873,5068783.296,0.1,472.25,0.1,470.2,477.66,9.65,310,shrubScrub,Ultisols,Geo 7X (H-Star),2016-05-18,237,1.3,0.7,ABBY_005_basePlot,brd|cdw|div|hbp|vst,decommissioned,2016-01-01,2021-12-31
unitedStates,WA,Clark,Pacific Northwest,D16,Abby Road NEON,ABBY,distributed,tickPlot,,ABBY_005,1600,40m x 40m,41,45.771972,-122.388073,WGS84,10N,547577.167,5068894.55,0.1,493.31,0.1,487.95,497.41,10,228.45,shrubScrub,Inceptisols,Geo 7X (H-Star),2016-05-20,417,1.7,0.8,ABBY_005_tickPlot,tck,decommissioned,2016-01-01,2021-12-31
unitedStates,CA,Fresno,Pacific Southwest,D17,Soaproot Saddle NEON,SOAP,distributed,tickPlot,,SOAP_005,1600,40m x 40m,41,37.031309,-119.264582,WGS84,11N,298574.505,4100743.603,0.11,1199.67,0.11,1191.18,1205.17,9,152,evergreenForest,Alfisols,GeoXH 6000,2016-09-06,630,4.7,2.7,SOAP_005_tickPlot,tck,decommissioned,2018-01-01,2021-12-31
unitedStates,CA,Fresno,Pacific Southwest,D17,Lower Teakettle NEON,TEAK,distributed,basePlot,,TEAK_009,1600,40m x 40m,41,37.048205,-119.02067,WGS84,11N,320312.013,4102129.344,0.09,2563.67,0.09,2548.72,2572.71,24.23,29.3,shrubScrub, ,Geo 7X (H-Star),2015-06-09,401,1.5,0.8,TEAK_009_basePlot,bet|bgc|div|hbp,decommissioned,2019-01-01,2021-12-31
unitedStates,WA,Clark,Pacific Northwest,D16,Abby Road NEON,ABBY,distributed,mammalGrid,diversity,ABBY_003,8100,90m x 90m,E5,45.761271,-122.369389,WGS84,10N,549039.208,5067716.925,0.16,610.41,0.21,597.72,620.23,10.97,19.25,evergreenForest,Andisols,Geo 7X (H-Star),2016-05-24,353,3.4,2.7,ABBY_003_mammalGrid,mam,decommissioned,2016-01-01,2017-12-31
unitedStates,WA,Clark,Pacific Northwest,D16,Abby Road NEON,ABBY,distributed,mammalGrid,diversity,ABBY_011,8100,90m x 90m,E5,45.743532,-122.356199,WGS84,10N,550080.781,5065754.319,0.1,428.75,0.1,425.16,443.01,10.57,80.03,grasslandHerbaceous,Inceptisols,Geo 7X (H-Star),2016-05-26,306,1.6,0.8,ABBY_011_mammalGrid,mam,decommissioned,2016-01-01,2017-12-31
unitedStates,WA,Clark,Pacific Northwest,D16,Abby Road NEON,ABBY,tower,basePlot,,ABBY_066,1600,40m x 40m,41,45.763502,-122.329984,WGS84,10N,552101.483,5067989.722,0.1,360.23,0.1,357.18,361.16,270,3.8,evergreenForest,Andisols,Geo 7X (H-Star),2015-07-15,1421,2.1,1.1,ABBY_066_basePlot,vst,decommissioned,2015-01-01,2015-12-31
unitedStates,AK,North Slope Borough,Tundra,D18,Utqiagvik NEON,BARR,distributed,tickPlot,,BARR_021,1600,40m x 40m,41,71.256222,-156.554389,WGS84,4N,587689.572,7907746.08,0.1,5.53,0.1,5.53,5.73,0.02,175.15,emergentHerbaceousWetlands,,Geo 7X,2015-06-15,326,2.3,0.9,BARR_021_tickPlot,tck,decommissioned,2017-01-01,2017-12-31
unitedStates,AK,North Slope Borough,Tundra,D18,Utqiagvik NEON,BARR,distributed,birdGrid,ninePoints,BARR_040,250000,500m x 500m,B2,71.310604,-156.624,WGS84,4N,584956.545,7913707.837,0.97,3.06,0.78,3.06,6.56,0.09,288.68,emergentHerbaceousWetlands,,Geo 7X,2015-06-18,385,2.1,0.8,BARR_040_birdGrid,brd,decommissioned,2017-01-01,2019-12-31
unitedStates,NH,Carroll,Northeast,D01,Bartlett Experimental Forest NEON,BART,distributed,basePlot,,BART_008,1600,40m x 40m,41,44.058,-71.2588,WGS84,19N,319081.4731,4880800.006,NA,350,NA,NA,NA,NA,NA,mixedForest,,,NA,NA,NA,NA,BART_008_basePlot,bet|div,decommissioned,2014-01-01,2014-12-31
unitedStates,NH,Carroll,Northeast,D01,Bartlett Experimental Forest NEON,BART,distributed,birdGrid,ninePoints,BART_083,250000,500m x 500m,B2,44.040774,-71.308539,WGS84,19N,315039.95,4878992.609,0.11,714.5,0.12,552.84,714.5,24.31,36.63,evergreenForest,,GeoXH 6000,2014-09-17,1004,3.3,2.4,BART_083_birdGrid,brd,decommissioned,2015-01-01,2015-12-31
unitedStates,VA,Clarke,Mid-Atlantic,D02,Blandy Experimental Farm NEON,BLAN,distributed,tickPlot,,BLAN_002,1600,40m x 40m,41,39.091474,-77.982149,WGS84,18N,242079.2562,4331162.134,0.1,145.6,0.1,142.31,147.7,6.2,330.09,pastureHay,Alfisols,GeoXH 6000,2015-04-06,201,1.3,0.7,BLAN_002_tickPlot,tck,decommissioned,2015-01-01,2018-12-31
unitedStates,VA,Clarke,Mid-Atlantic,D02,Blandy Experimental Farm NEON,BLAN,distributed,basePlot,,BLAN_002,1600,40m x 40m,41,39.092296,-77.980761,WGS84,18N,242202.3202,4331249.454,0.1,139.65,0.1,137.69,140.93,2.58,111.6,pastureHay,Alfisols,GeoXH 6000,2015-04-01,122,1.6,0.9,BLAN_002_basePlot,all|bet|bgc|brd|cdw|div|hbp,decommissioned,2015-01-01,2018-12-31
unitedStates,VA,Clarke,Mid-Atlantic,D02,Blandy Experimental Farm NEON,BLAN,distributed,mammalGrid,diversity,BLAN_002,8100,90m x 90m,E5,39.093127,-77.980786,WGS84,18N,242203.1123,4331341.759,0.1,135.53,0.1,130.34,141.47,6.5,330.94,pastureHay,Alfisols,GeoXH 6000,2015-04-16,241,2.6,1,BLAN_002_mammalGrid,mam,decommissioned,2015-01-01,2018-12-31
unitedStates,VA,Clarke,Mid-Atlantic,D02,Blandy Experimental Farm NEON,BLAN,distributed,mosquitoPoint,,BLAN_021,0,0m,41,39.087785,-77.973688,WGS84,17N,761754.751,4330879.123,10.18,136.54,0.25,136.54,136.54,5.19,75.56,deciduousForest,Ultisols,GeoXH 6000,2015-04-07,303,6.2,4.6,BLAN_021_mosquitoPoint,mos,decommissioned,2015-01-01,2018-12-31
unitedStates,VA,Clarke,Mid-Atlantic,D02,Blandy Experimental Farm NEON,BLAN,distributed,mosquitoPoint,,BLAN_028,0,0m,41,39.096043,-77.979568,WGS84,17N,761215.573,4331778.88,10.1,137.29,0.1,137.29,137.29,5.86,110.58,pastureHay,Alfisols,GeoXH 6000,2015-04-02,122,1.8,1,BLAN_028_mosquitoPoint,mos,decommissioned,2015-01-01,2018-12-31
unitedStates,VA,Clarke,Mid-Atlantic,D02,Blandy Experimental Farm NEON,BLAN,distributed,mosquitoPoint,,BLAN_030,0,0m,41,39.097293,-77.975713,WGS84,17N,761544.379,4331928.656,0.1,119.11,0.1,119.11,119.11,1.41,92.82,pastureHay,Inceptisols,GeoXH 6000,2015-04-17,128,1.6,0.8,BLAN_030_mosquitoPoint,mos,decommissioned,2015-01-01,2017-12-31
unitedStates,VA,Clarke,Mid-Atlantic,D02,Blandy Experimental Farm NEON,BLAN,tower,basePlot,,BLAN_041,1600,40m x 40m,41,39.061567,-78.073175,WGS84,17N,753242.067,4327686.702,0.1,183.97,0.1,182.57,184.3,1.09,174.2,shrubScrub,Alfisols,GeoXH 6000,2015-03-19,303,2,1,BLAN_041_basePlot,bgc|cdw|hbp|ltr|vst,decommissioned,2015-01-01,2017-12-31
unitedStates,VA,Clarke,Mid-Atlantic,D02,Blandy Experimental Farm NEON,BLAN,tower,basePlot,,BLAN_058,400,20m x 20m,41,39.059863,-78.071181,WGS84,17N,753420.705,4327503.077,0.1,181.65,0.1,179.81,182.24,13.1,154.6,pastureHay,Alfisols,GeoXH 6000,2015-03-20,415,2.8,1.7,BLAN_058_basePlot,hbp,decommissioned,2015-01-01,2015-12-31
unitedStates,AK,Fairbanks North Star Borough,Taiga,D19,Caribou-Poker Creeks Research Watershed NEON,BONA,distributed,birdGrid,ninePoints,BONA_012,250000,500m x 500m,B2,65.152442,-147.543607,WGS84,6N,474511.743,7225553.866,0.21,300.44,0.22,262.51,392.45,13.17,158.02,deciduousForest,Inceptisols,Geo 7X,2016-06-13,626,7.1,5.3,BONA_012_birdGrid,brd,decommissioned,2017-01-01,2017-12-31
unitedStates,AK,Fairbanks North Star Borough,Taiga,D19,Caribou-Poker Creeks Research Watershed NEON,BONA,distributed,birdGrid,ninePoints,BONA_014,250000,500m x 500m,B2,65.175945,-147.466134,WGS84,6N,478163.524,7228144.113,0.16,308.93,0.15,272.07,396.24,10.61,121.84,deciduousForest,Inceptisols,Geo 7X,2016-09-21,603,2.6,2.6,BONA_014_birdGrid,brd,decommissioned,2017-01-01,2017-12-31
unitedStates,AK,Fairbanks North Star Borough,Taiga,D19,Caribou-Poker Creeks Research Watershed NEON,BONA,distributed,birdGrid,ninePoints,BONA_016,250000,500m x 500m,B2,65.199609,-147.510492,WGS84,6N,476106.886,7230797.536,0.11,650.29,0.11,543.56,696.67,13.51,334.89,evergreenForest,Histosols,Geo 7X,2016-09-09,670,1.7,0.9,BONA_016_birdGrid,brd,decommissioned,2017-01-01,2017-12-31
unitedStates,AK,Fairbanks North Star Borough,Taiga,D19,Caribou-Poker Creeks Research Watershed NEON,BONA,distributed,birdGrid,ninePoints,BONA_021,250000,500m x 500m,B2,65.150231,-147.459391,WGS84,6N,478458.563,7225276.084,0.11,403.55,0.13,337.56,464.21,11.92,260.47,shrubScrub,Inceptisols,Geo 7X,2016-06-10,610,2.6,1.1,BONA_021_birdGrid,brd,decommissioned,2017-01-01,2018-12-31
unitedStates,AK,Fairbanks North Star Borough,Taiga,D19,Caribou-Poker Creeks Research Watershed NEON,BONA,distributed,birdGrid,ninePoints,BONA_032,250000,500m x 500m,B2,65.185886,-147.556641,WGS84,6N,473933.478,7229286.381,0.17,601.44,0.24,552.04,615.23,12.18,315.9,evergreenForest,Histosols,Geo 7X,2016-06-23,603,2.6,1.2,BONA_032_birdGrid,brd,decommissioned,2017-01-01,2017-12-31
unitedStates,AK,Fairbanks North Star Borough,Taiga,D19,Caribou-Poker Creeks Research Watershed NEON,BONA,tower,basePlot,,BONA_085,1600,40m x 40m,41,65.153907,-147.507156,WGS84,6N,476222.098,7225702.875,0.1,233.69,0.11,232.93,236.64,6.84,310,shrubScrub,Histosols,Geo 7X,2016-05-12,207,1.5,0.7,BONA_085_basePlot,vst,decommissioned,2016-01-01,2016-12-31
unitedStates,AK,Fairbanks North Star Borough,Taiga,D19,Caribou-Poker Creeks Research Watershed NEON,BONA,tower,phenology,primary,BONA_091,40000,200m x 200m,C,65.154561,-147.511335,WGS84,6N,476026.779,7225777.359,NA,253.08,NA,244.04,281.51,7.69,154.38,,Inceptisols,GIS,NA,NA,NA,NA,BONA_091_phenology,phe,decommissioned,2017-01-01,2017-12-31
unitedStates,CO,Weld,Central Plains,D10,Central Plains Experimental Range NEON,CPER,distributed,basePlot,,CPER_031,1600,40m x 40m,41,40.82709754,-104.7071287,WGS84,13N,524695.196,4519604.801,0.1,1631.253,0.1,NA,NA,NA,NA,grasslandHerbaceous,,Trimble GEOXH 6000,NA,NA,NA,NA,CPER_031_basePlot,div,decommissioned,2013-01-01,2013-12-31
unitedStates,CO,Weld,Central Plains,D10,Central Plains Experimental Range NEON,CPER,distributed,basePlot,,CPER_033,1600,40m x 40m,41,40.81668525,-104.7669298,WGS84,13N,519655.772,4518433.842,0.1,1647.967,0.1,NA,NA,NA,NA,grasslandHerbaceous,,Trimble GEOXH 6000,NA,NA,NA,NA,CPER_033_basePlot,div,decommissioned,2013-01-01,2013-12-31
unitedStates,CO,Weld,Central Plains,D10,Central Plains Experimental Range NEON,CPER,distributed,basePlot,,CPER_034,1600,40m x 40m,41,40.84979607,-104.7023932,WGS84,13N,525085.942,4522125.833,0.1,1648.443,0.1,NA,NA,NA,NA,grasslandHerbaceous,,Trimble GEOXH 6000,NA,NA,NA,NA,CPER_034_basePlot,div,decommissioned,2013-01-01,2013-12-31
unitedStates,CO,Weld,Central Plains,D10,Central Plains Experimental Range NEON,CPER,distributed,basePlot,,CPER_035,1600,40m x 40m,41,40.79275512,-104.7051375,WGS84,13N,524875.92,4515793.148,0.1,1619.875,0.15,NA,NA,NA,NA,grasslandHerbaceous,,Trimble GEOXH 6000,NA,NA,NA,NA,CPER_035_basePlot,div,decommissioned,2013-01-01,2013-12-31
unitedStates,CO,Weld,Central Plains,D10,Central Plains Experimental Range NEON,CPER,distributed,basePlot,,CPER_036,1600,40m x 40m,41,40.83687969,-104.7305649,WGS84,13N,522715.687,4520684.343,0.1,1642.591,0.1,NA,NA,NA,NA,grasslandHerbaceous,,Trimble GEOXH 6000,NA,NA,NA,NA,CPER_036_basePlot,div,decommissioned,2013-01-01,2013-12-31
unitedStates,CO,Weld,Central Plains,D10,Central Plains Experimental Range NEON,CPER,distributed,basePlot,,CPER_037,1600,40m x 40m,41,40.84517888,-104.6978017,WGS84,13N,525474.733,4521614.618,0.1,1641.357,0.1,NA,NA,NA,NA,grasslandHerbaceous,,Trimble GEOXH 6000,NA,NA,NA,NA,CPER_037_basePlot,div,decommissioned,2013-01-01,2013-12-31
unitedStates,CO,Weld,Central Plains,D10,Central Plains Experimental Range NEON,CPER,distributed,basePlot,,CPER_038,1600,40m x 40m,41,40.81013025,-104.7281695,WGS84,13N,522926.855,4517715.611,0.1,1648.065,0.1,NA,NA,NA,NA,grasslandHerbaceous,,Trimble GEOXH 6000,NA,NA,NA,NA,CPER_038_basePlot,div,decommissioned,2013-01-01,2013-12-31
unitedStates,CO,Weld,Central Plains,D10,Central Plains Experimental Range NEON,CPER,distributed,basePlot,,CPER_039,1600,40m x 40m,41,40.82384451,-104.7028468,WGS84,13N,525057.47,4519244.909,0.1,1629.467,0.1,NA,NA,NA,NA,grasslandHerbaceous,,Trimble GEOXH 6000,NA,NA,NA,NA,CPER_039_basePlot,div,decommissioned,2013-01-01,2013-12-31
unitedStates,CO,Weld,Central Plains,D10,Central Plains Experimental Range NEON,CPER,distributed,basePlot,,CPER_040,1600,40m x 40m,41,40.81567634,-104.688673,WGS84,13N,526255.902,4518342.341,0.1,1617.008,0.1,NA,NA,NA,NA,grasslandHerbaceous,,Trimble GEOXH 6000,NA,NA,NA,NA,CPER_040_basePlot,div,decommissioned,2013-01-01,2013-12-31
unitedStates,CO,Weld,Central Plains,D10,Central Plains Experimental Range NEON,CPER,distributed,basePlot,,CPER_041,1600,40m x 40m,41,40.85877028,-104.7322654,WGS84,13N,522564.895,4523113.906,0.1,1670.653,0.1,NA,NA,NA,NA,grasslandHerbaceous,,Trimble GEOXH 6000,NA,NA,NA,NA,CPER_041_basePlot,div,decommissioned,2013-01-01,2013-12-31
unitedStates,CO,Weld,Central Plains,D10,Central Plains Experimental Range NEON,CPER,distributed,birdGrid,ninePoints,CPER_042,250000,500m x 500m,B2,40.862095,-104.718103,WGS84,13N,523757.356,4523486.748,0.1,1665.57,0.1,1657.33,1673.88,4.76,253.35,grasslandHerbaceous,Aridisols,GeoXH 6000,2013-05-10,121,2.3,1.2,CPER_042_birdGrid,brd,decommissioned,2013-01-01,2017-12-31
unitedStates,CO,Weld,Central Plains,D10,Central Plains Experimental Range NEON,CPER,distributed,birdGrid,ninePoints,CPER_043,250000,500m x 500m,B2,40.866615,-104.7304,WGS84,13N,522719.427,4523985.177,0.1,1671.01,0.1,1669.66,1676.22,2.64,212.68,grasslandHerbaceous,Mollisols,GeoXH 6000,2013-05-10,122,2.1,1.1,CPER_043_birdGrid,brd,decommissioned,2013-01-01,2017-12-31
unitedStates,CO,Weld,Central Plains,D10,Central Plains Experimental Range NEON,CPER,distributed,birdGrid,ninePoints,CPER_044,250000,500m x 500m,B2,40.80925,-104.765058,WGS84,13N,519815.805,4517608.862,0.1,1643.47,0.1,1631.92,1650.54,3.92,184.2,grasslandHerbaceous,Aridisols,GeoXH 6000,2013-05-13,122,1.9,1.1,CPER_044_birdGrid,brd,decommissioned,2013-01-01,2017-12-31
unitedStates,CO,Weld,Central Plains,D10,Central Plains Experimental Range NEON,CPER,distributed,birdGrid,ninePoints,CPER_075,250000,500m x 500m,B2,40.844931,-104.733911,WGS84,13N,522430.903,4521577.178,0.1,1671.21,0.1,1645.53,1671.21,7.87,62.06,grasslandHerbaceous,Aridisols,GeoXH 6000,2013-05-10,129,1.9,1.3,CPER_075_birdGrid,brd,decommissioned,2013-01-01,2017-12-31
unitedStates,CO,Weld,Central Plains,D10,Central Plains Experimental Range NEON,CPER,distributed,birdGrid,ninePoints,CPER_076,250000,500m x 500m,B2,40.837266,-104.706045,WGS84,13N,524782.828,4520733.899,0.1,1640.61,0.1,1636.77,1644.81,0.68,159.81,grasslandHerbaceous,Alfisols,GeoXH 6000,2013-05-13,125,1.9,1.3,CPER_076_birdGrid,brd,decommissioned,2013-01-01,2017-12-31
unitedStates,AK,Southeast Fairbanks Census Area,Taiga,D19,Delta Junction NEON,DEJU,distributed,basePlot,,DEJU_013,1600,40m x 40m,41,63.839966,-145.742379,WGS84,6N,561861.485,7079790.691,0.12,548.43,0.14,547.74,550.66,2.75,101,shrubScrub,Gelisols,Geo 7X,2015-05-15,247,2.7,1.2,DEJU_013_basePlot,all|div,decommissioned,2016-01-01,2017-12-31
unitedStates,AK,Southeast Fairbanks Census Area,Taiga,D19,Delta Junction NEON,DEJU,distributed,birdGrid,ninePoints,DEJU_031,250000,500m x 500m,B2,63.871687,-145.748542,WGS84,6N,561489.054,7083318.979,0.94,531.33,0.84,518.61,534.58,1.59,359.23,woodyWetlands,Gelisols,Geo 7X,2015-05-21,301,2.6,0.9,DEJU_031_birdGrid,brd,decommissioned,2017-01-01,2019-12-31
unitedStates,AL,Greene,Ozarks Complex,D08,Dead Lake NEON,DELA,distributed,tickPlot,,DELA_007,1600,40m x 40m,41,32.538957,-87.799922,WGS84,16N,424887.367,3600459.571,0.16,25.65,0.18,25.65,31.76,0.01,305.38,woodyWetlands,Ultisols,GeoXH 6000,2014-12-09,592,2.9,1.7,DELA_007_tickPlot,tck,decommissioned,2015-01-01,2018-12-31
unitedStates,AL,Greene,Ozarks Complex,D08,Dead Lake NEON,DELA,distributed,basePlot,,DELA_007,1600,40m x 40m,41,32.538023,-87.801,WGS84,16N,424785.387,3600356.844,0.2,29.52,0.32,24.85,30.96,0.57,270,woodyWetlands,Ultisols,GeoXH 6000,2014-12-09,327,23,2.4,DELA_007_basePlot,bet|brd|cdw|dhp|div|hbp|vst,decommissioned,2015-01-01,2019-12-31
unitedStates,AL,Greene,Ozarks Complex,D08,Dead Lake NEON,DELA,distributed,basePlot,,DELA_010,1600,40m x 40m,41,32.540456,-87.800089,WGS84,16N,424872.9,3600625.858,0.12,23.7,0.15,22.05,26.09,4,68.9,woodyWetlands,Ultisols,GeoXH 6000,2014-12-05,318,6,2.5,DELA_010_basePlot,all|brd|cdw|dhp|div|hbp|vst,decommissioned,2015-01-01,2019-12-31
unitedStates,AL,Greene,Ozarks Complex,D08,Dead Lake NEON,DELA,distributed,tickPlot,,DELA_016,1600,40m x 40m,41,32.53685,-87.806995,WGS84,16N,424221.397,3600231.013,0.22,23.63,0.29,23.63,31.95,0,0,evergreenForest,Ultisols,GeoXH 6000,2014-11-14,322,3.1,1.5,DELA_016_tickPlot,tck,decommissioned,2015-01-01,2018-12-31
unitedStates,AL,Greene,Ozarks Complex,D08,Dead Lake NEON,DELA,distributed,basePlot,,DELA_019,1600,40m x 40m,41,32.536383,-87.802597,WGS84,16N,424634.059,3600176.138,0.1,23.16,0.1,23.16,26.04,0,0,woodyWetlands,Ultisols,GeoXH 6000,2014-12-11,302,3,1.6,DELA_019_basePlot,cdw|div|hbp|vst,decommissioned,2015-01-01,2016-12-31
unitedStates,AL,Greene,Ozarks Complex,D08,Dead Lake NEON,DELA,distributed,basePlot,,DELA_024,1600,40m x 40m,41,32.525211,-87.817496,WGS84,16N,423225.446,3598948.321,0.1,21.69,0.1,21.55,22.06,0.69,169,woodyWetlands,Entisols,GeoXH 6000,2014-12-10,315,1.9,1,DELA_024_basePlot,all|div,decommissioned,2015-01-01,2017-12-31
unitedStates,AL,Greene,Ozarks Complex,D08,Dead Lake NEON,DELA,tower,basePlot,,DELA_049,1600,40m x 40m,41,32.542073,-87.802307,WGS84,16N,424665.979,3600806.719,0.17,24.18,0.24,23.21,29.39,0.74,260,woodyWetlands,Ultisols,GeoXH 6000,2014-12-05,302,14.3,4.2,DELA_049_basePlot,ltr|vst,decommissioned,2015-01-01,2018-12-31
unitedStates,FL,Polk,Southeast,D03,Disney Wilderness Preserve NEON,DSNY,distributed,tickPlot,,DSNY_002,1600,40m x 40m,41,28.048725,-81.415426,WGS84,17N,459172.406,3102669.474,0.1,17.19,0.1,16.74,17.19,0.29,44.16,woodyWetlands,Alfisols,GeoXH 6000,2013-07-29,123,1.7,1,DSNY_002_tickPlot,tck,decommissioned,2014-01-01,2014-12-31
unitedStates,FL,Polk,Southeast,D03,Disney Wilderness Preserve NEON,DSNY,distributed,mammalGrid,diversity,DSNY_009,8100,90m x 90m,E5,28.072224,-81.427407,WGS84,17N,458004.077,3105276.758,0.1,19.11,0.1,18.81,19.15,0.05,296.87,pastureHay,Entisols,GeoXH 6000,2013-06-24,121,3.4,1.6,DSNY_009_mammalGrid,mam,decommissioned,2013-01-01,2015-12-31
unitedStates,FL,Polk,Southeast,D03,Disney Wilderness Preserve NEON,DSNY,distributed,tickPlot,,DSNY_014,1600,40m x 40m,41,28.063947,-81.427139,WGS84,17N,458027.222,3104359.715,0.15,17.65,0.18,15.08,18.28,0.08,143.88,woodyWetlands,Entisols,GeoXH 6000,2014-11-10,315,3.3,1.6,DSNY_014_tickPlot,tck,decommissioned,2015-01-01,2015-12-31
unitedStates,FL,Osceola,Southeast,D03,Disney Wilderness Preserve NEON,DSNY,distributed,basePlot,,DSNY_028,1600,40m x 40m,41,28.103705,-81.429596,WGS84,17N,457801.327,3108764.897,NA,19.28,NA,18.45,20.5,0.18,245.48,woodyWetlands,Entisols,GIS,NA,NA,NA,NA,DSNY_028_basePlot,vst,decommissioned,2014-01-01,2014-12-31
unitedStates,FL,Osceola,Southeast,D03,Disney Wilderness Preserve NEON,DSNY,distributed,basePlot,,DSNY_029,1600,40m x 40m,41,28.11643,-81.42752,WGS84,17N,458010.198,3110173.85,NA,19.49,NA,19.3,19.64,0.04,266.93,woodyWetlands,Inceptisols,GIS,NA,NA,NA,NA,DSNY_029_basePlot,vst,decommissioned,2014-01-01,2014-12-31
unitedStates,FL,Osceola,Southeast,D03,Disney Wilderness Preserve NEON,DSNY,distributed,basePlot,,DSNY_030,1600,40m x 40m,41,28.110538,-81.406725,WGS84,17N,460050.475,3109514.177,NA,19.36,NA,16.89,17.59,0.29,186.81,woodyWetlands,Entisols,GIS,NA,NA,NA,NA,DSNY_030_basePlot,vst,decommissioned,2014-01-01,2014-12-31
unitedStates,FL,Osceola,Southeast,D03,Disney Wilderness Preserve NEON,DSNY,distributed,basePlot,,DSNY_031,1600,40m x 40m,41,28.108612,-81.418314,WGS84,17N,458911.431,3109304.625,NA,20.4,NA,18.94,19.6,0.02,179.62,woodyWetlands,Entisols,GIS,NA,NA,NA,NA,DSNY_031_basePlot,div|vst,decommissioned,2014-01-01,2016-12-31
unitedStates,FL,Polk,Southeast,D03,Disney Wilderness Preserve NEON,DSNY,distributed,basePlot,,DSNY_032,1600,40m x 40m,41,28.058866,-81.3931,WGS84,17N,461370.276,3103785.589,NA,19.49,NA,18.81,20.84,0.01,224.03,woodyWetlands,Entisols,GIS,NA,NA,NA,NA,DSNY_032_basePlot,vst,decommissioned,2014-01-01,2014-12-31
unitedStates,FL,Polk,Southeast,D03,Disney Wilderness Preserve NEON,DSNY,distributed,basePlot,,DSNY_033,1600,40m x 40m,41,28.07808,-81.398665,WGS84,17N,460830.405,3105915.878,NA,19.49,NA,19.19,19.42,0.01,318.44,woodyWetlands,Entisols,GIS,NA,NA,NA,NA,DSNY_033_basePlot,div|vst,decommissioned,2014-01-01,2014-12-31
unitedStates,FL,Polk,Southeast,D03,Disney Wilderness Preserve NEON,DSNY,distributed,birdGrid,ninePoints,DSNY_034,250000,500m x 500m,B2,28.065645,-81.41829,WGS84,17N,458897.454,3104544.873,0.13,19.69,0.23,18.25,20.4,0.01,194.75,pastureHay,Entisols,GeoXH 6000,2013-11-13,206,2.2,1,DSNY_034_birdGrid,brd,decommissioned,2015-01-01,2019-12-31
unitedStates,FL,Polk,Southeast,D03,Disney Wilderness Preserve NEON,DSNY,distributed,basePlot,,DSNY_035,1600,40m x 40m,41,28.068347,-81.388232,WGS84,17N,461851.99,3104834.415,NA,19.38,NA,19.23,19.45,0.15,178.79,woodyWetlands,Entisols,GIS,NA,NA,NA,NA,DSNY_035_basePlot,div|vst,decommissioned,2014-01-01,2016-12-31
unitedStates,FL,Polk,Southeast,D03,Disney Wilderness Preserve NEON,DSNY,distributed,mammalGrid,diversity,DSNY_036,8100,90m x 90m,E5,28.059225,-81.385002,WGS84,17N,462166.209,3103822.896,0.1,19.61,0.1,19.18,19.61,0.09,307.87,pastureHay,Entisols,GeoXH 6000,2013-06-24,121,4.3,2.1,DSNY_036_mammalGrid,mam,decommissioned,2016-01-01,2016-12-31
unitedStates,FL,Polk,Southeast,D03,Disney Wilderness Preserve NEON,DSNY,distributed,birdGrid,ninePoints,DSNY_038,250000,500m x 500m,B2,28.05811,-81.390226,WGS84,17N,461652.468,3103700.963,0.1,20.25,0.15,18.88,20.25,0.24,43.66,pastureHay,Entisols,GeoXH 6000,2013-11-14,126,2.2,1.1,DSNY_038_birdGrid,brd,decommissioned,2015-01-01,2017-12-31
unitedStates,FL,Polk,Southeast,D03,Disney Wilderness Preserve NEON,DSNY,distributed,basePlot,,DSNY_038,1600,40m x 40m,41,28.058337,-81.389433,WGS84,17N,461730.421,3103725.82,NA,19.22,NA,19.49,19.5,0.14,8.5,pastureHay,Entisols,GIS,NA,NA,NA,NA,DSNY_038_basePlot,div|vst,decommissioned,2014-01-01,2014-12-31
unitedStates,FL,Polk,Southeast,D03,Disney Wilderness Preserve NEON,DSNY,distributed,basePlot,,DSNY_039,1600,40m x 40m,41,28.07231,-81.423976,WGS84,17N,458341.24,3105285.096,NA,19.49,NA,19.48,19.52,0.02,312.98,pastureHay,Entisols,GIS,NA,NA,NA,NA,DSNY_039_basePlot,div|vst,decommissioned,2014-01-01,2014-12-31
unitedStates,FL,Osceola,Southeast,D03,Disney Wilderness Preserve NEON,DSNY,tower,phenology,phenocam,DSNY_072,40000,200m x 200m,C,28.126891,-81.436204,WGS84,17N,457161.417,3111335.714,NA,19.91,NA,19.91,20.29,0.04,307.18,,Inceptisols,GIS,NA,NA,NA,NA,DSNY_072_phenology,phe,decommissioned,2014-01-01,2014-12-31
unitedStates,FL,Polk,Southeast,D03,Disney Wilderness Preserve NEON,DSNY,distributed,basePlot,,DSNY_073,1600,40m x 40m,41,28.066944,-81.408994,WGS84,17N,459811.381,3104685.655,NA,21.22,NA,19.04,19.42,0.31,350.34,woodyWetlands,Entisols,GIS,NA,NA,NA,NA,DSNY_073_basePlot,vst,decommissioned,2014-01-01,2014-12-31
unitedStates,FL,Polk,Southeast,D03,Disney Wilderness Preserve NEON,DSNY,distributed,basePlot,,DSNY_074,1600,40m x 40m,41,28.066655,-81.416933,WGS84,17N,459031.137,3104656.279,NA,20.11,NA,20.09,20.23,0.08,231.55,pastureHay,Entisols,GIS,NA,NA,NA,NA,DSNY_074_basePlot,div|vst,decommissioned,2014-01-01,2014-12-31
unitedStates,FL,Polk,Southeast,D03,Disney Wilderness Preserve NEON,DSNY,distributed,mosquitoPoint,,DSNY_083,0,0m,41,28.048084,-81.393986,WGS84,17N,461279.324,3102591.458,10.1,17.78,0.1,17.78,17.78,0,229.24,pastureHay,Entisols,GeoXH 6000,2014-04-09,187,1.5,0.7,DSNY_083_mosquitoPoint,mos,decommissioned,2014-01-01,2018-12-31
unitedStates,FL,Polk,Southeast,D03,Disney Wilderness Preserve NEON,DSNY,distributed,mosquitoPoint,,DSNY_084,0,0m,41,28.069291,-81.425462,WGS84,17N,458194.084,3104951.123,0.1,17.224,0.1,17.224,17.224,0.285172,244.520371,pastureHay,Entisols,GeoXH 6000,2014-04-10,170,1.8,0.7,DSNY_084_mosquitoPoint,mos,decommissioned,2014-01-01,2016-12-31
unitedStates,FL,Osceola,Southeast,D03,Disney Wilderness Preserve NEON,DSNY,distributed,mammalGrid,diversity,DSNY_085,8100,90m x 90m,E5,28.12383,-81.439291,WGS84,17N,456857.031,3110997.794,0.1,18.15,0.1,18.15,19.46,0.19,245.28,pastureHay,Inceptisols,GeoXH 6000,2016-04-06,301,1.3,0.6,DSNY_085_mammalGrid,mam,decommissioned,2016-01-01,2017-12-31
unitedStates,FL,Polk,Southeast,D03,Disney Wilderness Preserve NEON,DSNY,distributed,mosquitoPoint,,DSNY_086,0,0m,41,28.050098,-81.39943,WGS84,17N,460745.04,3102816.294,10.1,18.43,0.1,18.43,18.43,0,274.97,pastureHay,Entisols,GeoXH 6000,2016-06-01,235,1.5,0.6,DSNY_086_mosquitoPoint,mos,decommissioned,2016-01-01,2018-12-31
unitedStates,FL,Osceola,Southeast,D03,Disney Wilderness Preserve NEON,DSNY,distributed,mosquitoPoint,,DSNY_088,0,0m,41,28.103191,-81.425639,WGS84,17N,458189.867,3108706.555,10.1,18.43,0.1,18.43,18.43,0.06,241.76,woodyWetlands,Inceptisols,GeoXH 6000,2018-04-12,312,1.6,0.8,DSNY_088_mosquitoPoint,mos,decommissioned,2018-01-01,2018-12-31
unitedStates,TN,Sevier,Appalachians & Cumberland Plateau,D07,Great Smoky Mountains National Park NEON,GRSM,distributed,mammalGrid,diversity,GRSM_003,8100,90m x 90m,E5,35.675915,-83.473052,WGS84,17N,276178.928,3950821.766,0.16,937.65,0.19,908.88,948.2,17.04,321.58,deciduousForest,Inceptisols,GeoXH 6000,2014-10-20,408,5.6,3,GRSM_003_mammalGrid,mam,decommissioned,2015-01-01,2017-12-31
unitedStates,TN,Sevier,Appalachians & Cumberland Plateau,D07,Great Smoky Mountains National Park NEON,GRSM,distributed,tickPlot,,GRSM_005,1600,40m x 40m,41,35.68274,-83.398124,WGS84,17N,282979.949,3951410.628,0.2,730.99,0.38,724.68,734.15,7.92,65.92,deciduousForest,Inceptisols,Geo 7X (H-Star),2014-11-13,426,5.1,2,GRSM_005_tickPlot,tck,decommissioned,2015-01-01,2016-12-31
unitedStates,TN,Sevier,Appalachians & Cumberland Plateau,D07,Great Smoky Mountains National Park NEON,GRSM,distributed,birdGrid,ninePoints,GRSM_031,250000,500m x 500m,B2,35.679701,-83.486915,WGS84,17N,274934.625,3951273.509,0.15,734.71,0.17,682.49,786.66,7.56,297.23,deciduousForest,Inceptisols,GeoXH 6000,2014-11-18,456,3.5,1.5,GRSM_031_birdGrid,brd,decommissioned,2017-01-01,2017-12-31
unitedStates,TN,Sevier,Appalachians & Cumberland Plateau,D07,Great Smoky Mountains National Park NEON,GRSM,distributed,birdGrid,ninePoints,GRSM_032,250000,500m x 500m,B2,35.672629,-83.496455,WGS84,17N,274051.168,3950510.824,0.32,792.54,0.33,735.6,837.51,22.19,8.51,deciduousForest,Inceptisols,GeoXH 6000,2014-11-19,486,4.6,2.2,GRSM_032_birdGrid,brd,decommissioned,2017-01-01,2017-12-31
unitedStates,TN,Sevier,Appalachians & Cumberland Plateau,D07,Great Smoky Mountains National Park NEON,GRSM,distributed,birdGrid,ninePoints,GRSM_033,250000,500m x 500m,B2,35.696353,-83.511363,WGS84,17N,272768.882,3953177.249,0.19,498.7,0.25,477.3,588.88,5.1,285.8,deciduousForest,Inceptisols,Geo 7X (H-Star),2014-11-17,483,10.7,6.8,GRSM_033_birdGrid,brd,decommissioned,2017-01-01,2017-12-31
unitedStates,TN,Sevier,Appalachians & Cumberland Plateau,D07,Great Smoky Mountains National Park NEON,GRSM,distributed,birdGrid,ninePoints,GRSM_034,250000,500m x 500m,B2,35.652168,-83.512218,WGS84,17N,272566.101,3948277.22,0.26,665.37,0.54,643.89,775.72,17.98,84.3,deciduousForest,Inceptisols,GeoXH 6000,2014-11-15,459,32.2,9.3,GRSM_034_birdGrid,brd,decommissioned,2017-01-01,2017-12-31
unitedStates,TN,Sevier,Appalachians & Cumberland Plateau,D07,Great Smoky Mountains National Park NEON,GRSM,distributed,birdGrid,ninePoints,GRSM_035,250000,500m x 500m,B2,35.644627,-83.505309,WGS84,17N,273170.369,3947424.616,0.19,737.08,0.21,705.39,845.72,17.13,46.38,deciduousForest,Inceptisols,GeoXH 6000,2015-01-06,508,49.6,39.4,GRSM_035_birdGrid,brd,decommissioned,2017-01-01,2017-12-31
unitedStates,PR,Guayanilla Municipio,Atlantic Neotropical,D04,Guanica Forest NEON,GUAN,distributed,mammalGrid,diversity,GUAN_002,8100,90m x 90m,E5,17.971419,-66.825897,WGS84,19N,730238.307,1988371.714,0.1,93.11,0.1,83.11,93.11,5.78,295.76,evergreenForest,Mollisols,GeoXH 6000,2014-12-09,452,2.6,0.9,GUAN_002_mammalGrid,mam,decommissioned,2016-01-01,2017-12-31
unitedStates,PR,Yauco Municipio,Atlantic Neotropical,D04,Guanica Forest NEON,GUAN,distributed,mammalGrid,diversity,GUAN_003,8100,90m x 90m,E5,17.972847,-66.86274,WGS84,19N,726333.314,1988484.43,0.16,169.19,0.19,157,176.86,11.94,301.73,evergreenForest,Aridisols,GeoXH 6000,2014-12-07,454,4,1.5,GUAN_003_mammalGrid,mam,decommissioned,2016-01-01,2017-12-31
unitedStates,PR,Yauco Municipio,Atlantic Neotropical,D04,Guanica Forest NEON,GUAN,distributed,tickPlot,,GUAN_004,1600,40m x 40m,41,17.968031,-66.853366,WGS84,19N,727332.59,1987962.827,0.12,149.41,0.14,147.53,149.88,1.91,35.43,evergreenForest,Aridisols,GeoXH 6000,2014-12-07,480,5.3,3.9,GUAN_004_tickPlot,tck,decommissioned,2016-01-01,2017-12-31
unitedStates,PR,Yauco Municipio,Atlantic Neotropical,D04,Guanica Forest NEON,GUAN,distributed,mammalGrid,diversity,GUAN_004,8100,90m x 90m,E5,17.970525,-66.85241,WGS84,19N,727430.692,1988240.044,0.35,145.61,0.54,123.96,145.61,11.26,88.68,evergreenForest,Aridisols,GeoXH 6000,2014-12-07,476,5.3,3.1,GUAN_004_mammalGrid,mam,decommissioned,2016-01-01,2017-12-31
unitedStates,PR,Guanica Municipio,Atlantic Neotropical,D04,Guanica Forest NEON,GUAN,distributed,mammalGrid,diversity,GUAN_005,8100,90m x 90m,E5,17.968587,-66.881952,WGS84,19N,724303.465,1987989.537,0.25,178.15,0.39,167.94,180.03,5.06,144.05,evergreenForest,Aridisols,GeoXH 6000,2015-02-18,502,6.5,2.6,GUAN_005_mammalGrid,mam,decommissioned,2016-01-01,2017-12-31
unitedStates,PR,Yauco Municipio,Atlantic Neotropical,D04,Guanica Forest NEON,GUAN,distributed,mammalGrid,diversity,GUAN_007,8100,90m x 90m,E5,17.973626,-66.85887,WGS84,19N,726742.269,1988575.433,0.19,181.5,0.22,168.29,186.31,7.25,68.28,evergreenForest,Aridisols,GeoXH 6000,2015-01-27,503,13.2,9.9,GUAN_007_mammalGrid,mam,decommissioned,2016-01-01,2017-12-31
unitedStates,PR,Guanica Municipio,Atlantic Neotropical,D04,Guanica Forest NEON,GUAN,distributed,mammalGrid,diversity,GUAN_025,8100,90m x 90m,E5,17.976569,-66.872957,WGS84,19N,725246.191,1988884.034,0.15,145.15,0.17,141.13,157.87,10.71,141.42,evergreenForest,Aridisols,GeoXH 6000,2015-02-02,532,7,1.8,GUAN_025_mammalGrid,mam,decommissioned,2016-01-01,2017-12-31
unitedStates,MA,Worcester,Northeast,D01,Harvard Forest & Quabbin Watershed NEON,HARV,distributed,mammalGrid,diversity,HARV_014,8100,90m x 90m,E5,42.471298,-72.263909,WGS84,18N,724924.493,4705733.816,0.13,206.92,0.17,193.06,206.92,11.39,219.08,mixedForest,Inceptisols,GeoXH 6000,2015-08-07,352,6.4,4.7,HARV_014_mammalGrid,mam,decommissioned,2014-01-01,2016-12-31
unitedStates,MA,Worcester,Northeast,D01,Harvard Forest & Quabbin Watershed NEON,HARV,distributed,mammalGrid,diversity,HARV_016,8100,90m x 90m,E5,42.45757177,-72.23063954,WGS84,18N,727709.4209,4704298.288,NA,219.755226,NA,218.4043573,221.4244013,4.822,7.03,woodyWetlands,Histosols,GIS,NA,NA,NA,NA,HARV_016_mammalGrid,mam,decommissioned,2013-01-01,2013-12-31
unitedStates,MA,Worcester,Northeast,D01,Harvard Forest & Quabbin Watershed NEON,HARV,distributed,tickPlot,,HARV_020,1600,40m x 40m,41,42.438157,-72.228923,WGS84,18N,727921.007,4702146.885,0.2,228.34,0.32,228.34,234.01,3.05,237.02,woodyWetlands,Inceptisols,GeoXH 6000,2015-07-22,504,6.8,2.5,HARV_020_tickPlot,tck,decommissioned,2014-01-01,2017-12-31
unitedStates,MA,Worcester,Northeast,D01,Harvard Forest & Quabbin Watershed NEON,HARV,distributed,birdGrid,ninePoints,HARV_024,250000,500m x 500m,B2,42.460362,-72.250883,WGS84,18N,726034.731,4704554.036,0.15,177.06,0.2,176,243,0.77,83.52,woodyWetlands,Inceptisols,GeoXH 6000,2015-08-27,501,6.9,3.8,HARV_024_birdGrid,brd,decommissioned,2015-01-01,2017-12-31
unitedStates,MA,Worcester,Northeast,D01,Harvard Forest & Quabbin Watershed NEON,HARV,distributed,birdGrid,ninePoints,HARV_025,250000,500m x 500m,B2,42.477508,-72.273661,WGS84,18N,724100.574,4706397.599,0.13,182.89,0.16,176,192,5.93,262.33,mixedForest,Inceptisols,GeoXH 6000,2015-08-20,551,4.7,2.5,HARV_025_birdGrid,brd,decommissioned,2015-01-01,2017-12-31
unitedStates,MA,Worcester,Northeast,D01,Harvard Forest & Quabbin Watershed NEON,HARV,distributed,mammalGrid,diversity,HARV_032,8100,90m x 90m,E5,42.461612,-72.228594,WGS84,18N,727862.969,4704752.448,0.18,240.61,0.24,218.34,240.61,5.35,293.83,evergreenForest,Inceptisols,GeoXH 6000,2015-08-03,410,7,3.5,HARV_032_mammalGrid,mam,decommissioned,2013-01-01,2016-12-31
unitedStates,AK,Denali Borough,Taiga,D19,Healy NEON,HEAL,distributed,mammalGrid,diversity,HEAL_002,8100,90m x 90m,E5,63.871874,-149.243171,WGS84,6N,389796.743,7084674.048,0.1,693.39,0.1,686.77,693.39,1.55,18.3,dwarfScrub,,Geo 7X (H-Star),2014-08-20,121,2.3,1.1,HEAL_002_mammalGrid,mam,decommissioned,2015-01-01,2017-12-31
unitedStates,AK,Denali Borough,Taiga,D19,Healy NEON,HEAL,distributed,birdGrid,ninePoints,HEAL_006,250000,500m x 500m,B2,63.870025,-149.287508,WGS84,6N,387611.857,7084545.418,0.1,646.96,0.1,646.96,663.54,1.16,359.4,dwarfScrub,,Geo 7X (H-Star),2014-08-25,152,1.7,0.8,HEAL_006_birdGrid,brd,decommissioned,2017-01-01,2019-12-31
unitedStates,AK,Denali Borough,Taiga,D19,Healy NEON,HEAL,distributed,birdGrid,ninePoints,HEAL_007,250000,500m x 500m,B2,63.878562,-149.2773,WGS84,6N,388147.162,7085478.345,0.1,639.95,0.1,638.96,650.47,0.87,49,dwarfScrub,,Geo 7X (H-Star),2014-08-26,181,1.7,0.8,HEAL_007_birdGrid,brd,decommissioned,2017-01-01,2017-12-31
unitedStates,AK,Denali Borough,Taiga,D19,Healy NEON,HEAL,distributed,birdGrid,ninePoints,HEAL_008,250000,500m x 500m,B2,63.893791,-149.275705,WGS84,6N,388286.022,7087171.635,0.1,672.59,0.1,661.96,684.52,2.26,4.12,dwarfScrub,,Geo 7X (H-Star),2014-08-20,125,1.8,0.9,HEAL_008_birdGrid,brd,decommissioned,2017-01-01,2017-12-31
unitedStates,AK,Denali Borough,Taiga,D19,Healy NEON,HEAL,distributed,mammalGrid,diversity,HEAL_016,8100,90m x 90m,E5,63.87868,-149.202926,WGS84,6N,391799.48,7085363.179,0.1,641.75,0.1,639.36,647.18,4.34,82.96,shrubScrub,,Geo 7X (H-Star),2015-06-24,304,2.5,1.3,HEAL_016_mammalGrid,mam,decommissioned,2015-01-01,2017-12-31
unitedStates,AK,Denali Borough,Taiga,D19,Healy NEON,HEAL,distributed,birdGrid,ninePoints,HEAL_017,250000,500m x 500m,B2,63.86776,-149.258763,WGS84,6N,389014.763,7084242.799,0.1,674.24,0.1,667.98,691.25,2.7,322.58,shrubScrub,,Geo 7X (H-Star),2014-08-26,184,2.1,1.1,HEAL_017_birdGrid,brd,decommissioned,2017-01-01,2017-12-31
unitedStates,GA,Baker,Southeast,D03,The Jones Center At Ichauway NEON,JERC,distributed,tickPlot,,JERC_005,1600,40m x 40m,41,31.194878,-84.452157,WGS84,16N,742773.834,3453996.624,0.28,48.06,0.44,44.2,50.35,0.63,315.46,evergreenForest,Ultisols,GeoXH 6000,2013-12-12,122,4.2,1.5,JERC_005_tickPlot,tck,decommissioned,2014-01-01,2016-12-31
unitedStates,GA,Baker,Southeast,D03,The Jones Center At Ichauway NEON,JERC,distributed,mammalGrid,diversity,JERC_008,8100,90m x 90m,E5,31.194509,-84.44955,WGS84,16N,743023.266,3453961.43,0.11,41.81,0.15,41.81,45.85,1.32,69.6,mixedForest,Ultisols,GeoXH 6000,2013-12-16,300,1.8,0.9,JERC_008_mammalGrid,mam,decommissioned,2016-01-01,2016-12-31
unitedStates,GA,Baker,Southeast,D03,The Jones Center At Ichauway NEON,JERC,distributed,basePlot,,JERC_023,1600,40m x 40m,41,31.19124795,-84.45857973,WGS84,16N,742170.914,3453580.021,0.1,43.492,0.19,43.492,46.167381,1.902098,96.155769,cultivatedCrops,Ultisols,GeoXH 6000,2013-12-15,124,1.3,0.7,JERC_023_basePlot,bet|hbp,decommissioned,2014-01-01,2015-12-31
unitedStates,GA,Baker,Southeast,D03,The Jones Center At Ichauway NEON,JERC,distributed,basePlot,,JERC_024,1600,40m x 40m,41,31.20448349,-84.45791548,WGS84,16N,742200.479,3455049.026,0.1,47.553,0.13,47.553,49.479294,0.915808,354.323944,cultivatedCrops,Ultisols,GeoXH 6000,2013-12-11,132,1.6,0.8,JERC_024_basePlot,hbp,decommissioned,2014-01-01,2014-12-31
unitedStates,GA,Baker,Southeast,D03,The Jones Center At Ichauway NEON,JERC,distributed,basePlot,,JERC_025,1600,40m x 40m,41,31.17919292,-84.46267849,WGS84,16N,741810.896,3452234.398,0.1,42.139,0.22,42.139,45.345493,2.538497,278.041138,cultivatedCrops,Ultisols,GeoXH 6000,2013-12-15,172,1.4,0.8,JERC_025_basePlot,hbp,decommissioned,2014-01-01,2014-12-31
unitedStates,GA,Baker,Southeast,D03,The Jones Center At Ichauway NEON,JERC,distributed,basePlot,,JERC_027,1600,40m x 40m,41,31.19291959,-84.44721234,WGS84,16N,743250.162,3453790.336,0.11,43.175,0.22,43.175,46.577633,1.80064,23.1481,cultivatedCrops,Ultisols,GeoXH 6000,2013-12-15,123,1.4,0.8,JERC_027_basePlot,hbp,decommissioned,2014-01-01,2014-12-31
unitedStates,GA,Baker,Southeast,D03,The Jones Center At Ichauway NEON,JERC,distributed,basePlot,,JERC_032,1600,40m x 40m,41,31.19411609,-84.48148539,WGS84,16N,739980.338,3453848.074,0.1,37.484,0.14,37.484,39.947235,1.903386,155.215759,cultivatedCrops,Ultisols,GeoXH 6000,2013-12-15,127,1.6,0.7,JERC_032_basePlot,hbp,decommissioned,2014-01-01,2014-12-31
unitedStates,GA,Baker,Southeast,D03,The Jones Center At Ichauway NEON,JERC,distributed,tickPlot,,JERC_034,1600,40m x 40m,41,31.198824,-84.491213,WGS84,16N,739041.349,3454348.961,0.12,44.85,0.16,43.8,48.89,1.19,151.6,deciduousForest,Ultisols,GeoXH 6000,2013-12-16,300,2.6,1,JERC_034_tickPlot,tck,decommissioned,2014-01-01,2018-12-31
unitedStates,GA,Baker,Southeast,D03,The Jones Center At Ichauway NEON,JERC,distributed,basePlot,,JERC_038,1600,40m x 40m,41,31.191901,-84.492899,WGS84,16N,738897.99,3453577.782,NA,39.12,NA,19.4,19.69,2.22,30.24,mixedForest,Ultisols,GIS,NA,NA,NA,NA,JERC_038_basePlot,vst,decommissioned,2014-01-01,2014-12-31
unitedStates,GA,Baker,Southeast,D03,The Jones Center At Ichauway NEON,JERC,distributed,basePlot,,JERC_040,1600,40m x 40m,41,31.212261,-84.4684,WGS84,16N,741181.468,3455888.399,NA,46.98,NA,19.52,19.86,0.47,164.07,mixedForest,Ultisols,GIS,NA,NA,NA,NA,JERC_040_basePlot,vst,decommissioned,2014-01-01,2014-12-31
unitedStates,GA,Baker,Southeast,D03,The Jones Center At Ichauway NEON,JERC,distributed,basePlot,,JERC_041,1600,40m x 40m,41,31.185739,-84.481405,WGS84,16N,740009.192,3452919.379,NA,40.74,NA,19.14,19.28,4.27,53.58,mixedForest,Entisols,GIS,NA,NA,NA,NA,JERC_041_basePlot,vst,decommissioned,2014-01-01,2014-12-31
unitedStates,GA,Baker,Southeast,D03,The Jones Center At Ichauway NEON,JERC,distributed,basePlot,,JERC_042,1600,40m x 40m,41,31.210124,-84.469727,WGS84,16N,741060.471,3455648.642,NA,45.01,NA,19.48,19.54,4.44,290.49,mixedForest,Ultisols,GIS,NA,NA,NA,NA,JERC_042_basePlot,vst,decommissioned,2014-01-01,2014-12-31
unitedStates,GA,Baker,Southeast,D03,The Jones Center At Ichauway NEON,JERC,distributed,tickPlot,,JERC_044,1600,40m x 40m,41,31.195549,-84.482479,WGS84,16N,739882.01,3454004.792,0.1,42.53,0.13,42.53,44.6,2.23,81.29,mixedForest,Ultisols,GeoXH 6000,2013-12-16,307,1.8,0.8,JERC_044_tickPlot,tck,decommissioned,2014-01-01,2015-12-31
unitedStates,GA,Baker,Southeast,D03,The Jones Center At Ichauway NEON,JERC,distributed,basePlot,,JERC_044,1600,40m x 40m,41,31.196851,-84.482045,WGS84,16N,739920.056,3454150.053,NA,45,NA,21.05,21.29,1.3,144.27,mixedForest,Ultisols,GIS,NA,NA,NA,NA,JERC_044_basePlot,vst,decommissioned,2014-01-01,2014-12-31
unitedStates,GA,Baker,Southeast,D03,The Jones Center At Ichauway NEON,JERC,distributed,mosquitoPoint,,JERC_075,0,0m,41,31.19575,-84.468598,WGS84,16N,741204.58,3454057.26,0.21,45.553,0.28,45.553,45.553,4.03,1.38,mixedForest,Ultisols,GeoXH 6000,2014-04-02,302,3.9,1.8,JERC_075_mosquitoPoint,mos,decommissioned,2014-01-01,2014-12-31
unitedStates,KS,Riley,Prairie Peninsula,D06,Konza Prairie Agroecosystem NEON,KONA,distributed,basePlot,,KONA_025,1600,40m x 40m,41,39.146165,-96.632497,WGS84,14N,704595.761,4335666.198,0.1,316.24,0.13,315.95,316.32,0,0,cultivatedCrops,Entisols,Geo 7X (H-Star),2017-06-08,159,1.3,0.6,KONA_025_basePlot,div,decommissioned,2017-01-01,2017-12-31
unitedStates,KS,Riley,Prairie Peninsula,D06,Konza Prairie Agroecosystem NEON,KONA,distributed,basePlot,,KONA_029,1600,40m x 40m,41,39.226857,-96.59036,WGS84,14N,707999.403,4344718.529,0.1,329.21,0.12,328.61,330.3,0,0,cultivatedCrops,Mollisols,Geo 7X (H-Star),2017-06-07,172,1.3,0.7,KONA_029_basePlot,div,decommissioned,2017-01-01,2017-12-31
unitedStates,KS,Riley,Prairie Peninsula,D06,Konza Prairie Agroecosystem NEON,KONA,distributed,mosquitoPoint,,KONA_045,0,0m,41,39.218661,-96.588336,WGS84,14N,708198.352,4343813.424,10.1,317.02,0.1,317.02,317.02,0.4,314.46,cultivatedCrops,Mollisols,Geo 7X (H-Star),2017-06-23,152,2.5,1.3,KONA_045_mosquitoPoint,mos,decommissioned,2017-01-01,2017-12-31
unitedStates,KS,Riley,Prairie Peninsula,D06,Konza Prairie Biological Station NEON,KONZ,distributed,mammalGrid,diversity,KONZ_008,8100,90m x 90m,E5,39.10938,-96.54573,WGS84,14N,712204.9,4331783,0.11,399.05,0.1,382.33,407.84,12.31,202.43,grasslandHerbaceous,,GeoXH 6000,2015-04-03,122,5.1,1.4,KONZ_008_mammalGrid,mam,decommissioned,2015-01-01,2016-12-31
unitedStates,KS,Riley,Prairie Peninsula,D06,Konza Prairie Biological Station NEON,KONZ,distributed,birdGrid,ninePoints,KONZ_027,250000,500m x 500m,B2,39.10201,-96.584142,WGS84,14N,708905.495,4330875.558,0.14,347.03,0.14,344.35,390.69,2.62,7.59,deciduousForest,Mollisols,Geo 7X (H-Star),2014-12-29,302,4.7,2.1,KONZ_027_birdGrid,brd,decommissioned,2017-01-01,2017-12-31
unitedStates,KS,Riley,Prairie Peninsula,D06,Konza Prairie Biological Station NEON,KONZ,distributed,mammalGrid,diversity,KONZ_029,8100,90m x 90m,E5,39.09804,-96.602488,WGS84,14N,707330.474,4330392.823,0.1,346.77,0.1,344.57,354.5,3.68,73.05,deciduousForest,,Geo 7X (H-Star),2015-04-06,123,1.6,0.9,KONZ_029_mammalGrid,mam,decommissioned,2015-01-01,2016-12-31
unitedStates,KS,Riley,Prairie Peninsula,D06,Konza Prairie Biological Station NEON,KONZ,distributed,birdGrid,ninePoints,KONZ_031,250000,500m x 500m,B2,39.09172,-96.585727,WGS84,14N,708798.777,4329729.796,0.1,356.54,0.1,350.11,376.67,4,198.34,deciduousForest,Mollisols,Geo 7X (H-Star),2015-04-03,304,2.3,1.4,KONZ_031_birdGrid,brd,decommissioned,2017-01-01,2017-12-31
unitedStates,PR,Lajas Municipio,Atlantic Neotropical,D04,Lajas Experimental Station NEON,LAJA,distributed,mammalGrid,diversity,LAJA_002,8100,90m x 90m,E5,18.035656,-67.074736,WGS84,19N,703803.705,1995190.783,0.1,31.05,0.1,30,31.05,0.07,180.66,cultivatedCrops,Vertisols,GeoXH 6000,2015-10-14,278,2.8,0.9,LAJA_002_mammalGrid,mam,decommissioned,2016-01-01,2016-12-31
unitedStates,PR,Lajas Municipio,Atlantic Neotropical,D04,Lajas Experimental Station NEON,LAJA,distributed,mammalGrid,diversity,LAJA_003,8100,90m x 90m,E5,18.025408,-67.079985,WGS84,19N,703259.656,1994050.682,0.1,20.49,0.1,19.97,20.58,0.14,160.13,pastureHay,Vertisols,GeoXH 6000,2015-10-14,202,1.8,0.9,LAJA_003_mammalGrid,mam,decommissioned,2016-01-01,2016-12-31
unitedStates,PR,Lajas Municipio,Atlantic Neotropical,D04,Lajas Experimental Station NEON,LAJA,distributed,mammalGrid,diversity,LAJA_005,8100,90m x 90m,E5,18.025309,-67.083407,WGS84,19N,702897.36,1994036.008,0.1,21.19,0.1,19.99,21.19,0,225,pastureHay,Vertisols,GeoXH 6000,2015-10-14,205,1.7,0.9,LAJA_005_mammalGrid,mam,decommissioned,2016-01-01,2016-12-31
unitedStates,PR,Lajas Municipio,Atlantic Neotropical,D04,Lajas Experimental Station NEON,LAJA,distributed,mammalGrid,diversity,LAJA_010,8100,90m x 90m,E5,18.027731,-67.083137,WGS84,19N,702923.258,1994304.428,0.1,23.04,0.1,23,23.04,0,0,pastureHay,Vertisols,GeoXH 6000,2015-10-14,202,2.1,1,LAJA_010_mammalGrid,mam,decommissioned,2016-01-01,2016-12-31
unitedStates,PR,Lajas Municipio,Atlantic Neotropical,D04,Lajas Experimental Station NEON,LAJA,distributed,mammalGrid,diversity,LAJA_018,8100,90m x 90m,E5,18.033345,-67.073088,WGS84,19N,703980.866,1994936.833,0.1,28.73,0.1,25.95,29.99,2.85,202.56,cultivatedCrops,Vertisols,GeoXH 6000,2015-10-20,227,1.6,1,LAJA_018_mammalGrid,mam,decommissioned,2016-01-01,2016-12-31
unitedStates,PR,Lajas Municipio,Atlantic Neotropical,D04,Lajas Experimental Station NEON,LAJA,distributed,basePlot,,LAJA_020,1600,40m x 40m,41,18.031047,-67.075916,WGS84,19N,703684.017,1994679.331,0.1,27.06,0.1,26.88,27.53,0,0,cultivatedCrops,Vertisols,GeoXH 6000,2015-05-28,151,1.9,1,LAJA_020_basePlot,all,decommissioned,2017-01-01,2017-12-31
unitedStates,PR,Lajas Municipio,Atlantic Neotropical,D04,Lajas Experimental Station NEON,LAJA,distributed,mammalGrid,diversity,LAJA_023,8100,90m x 90m,E5,18.034536,-67.068577,WGS84,19N,704457.204,1995073.594,0.1,25.88,0.1,23.05,29.77,1.31,155.04,grasslandHerbaceous,Vertisols,GeoXH 6000,2015-10-14,201,2.2,1.1,LAJA_023_mammalGrid,mam,decommissioned,2016-01-01,2016-12-31
unitedStates,AL,Choctaw,Ozarks Complex,D08,Lenoir Landing NEON,LENO,distributed,mammalGrid,diversity,LENO_003,8100,90m x 90m,E5,31.806969,-88.188209,WGS84,16N,387529.182,3519654.733,0.35,14.29,0.55,10.68,14.29,0.25,265.05,deciduousForest,Entisols,GeoXH 6000,2015-09-25,306,4.2,1.7,LENO_003_mammalGrid,mam,decommissioned,2016-01-01,2017-12-31
unitedStates,VA,Giles,Appalachians & Cumberland Plateau,D07,Mountain Lake Biological Station NEON,MLBS,distributed,basePlot,,MLBS_031,1600,40m x 40m,41,37.364014,-80.524151,WGS84,17N,542136.615,4135361.01,0.14,1248.53,0.17,1247.8,1256.13,5.6,225,deciduousForest,Ultisols,GeoXH 6000,2017-05-02,419,5.6,3.7,MLBS_031_basePlot,div,decommissioned,2017-01-01,2017-12-31
unitedStates,UT,San Juan,Southern Rockies & Colorado Plateau,D13,Moab NEON,MOAB,distributed,birdGrid,,MOAB_007,250000,500m x 500m,B2,38.26631829,-109.3413713,WGS84,12N,645099.732,4236665.161,0.1,1991.689,0.1,1987.68689,2009.615479,1.651203,48.598007,shrubScrub,Aridisols,Geo 7X (H-Star),2014-11-12,126,2,1.1,MOAB_007_birdGrid,brd,decommissioned,2015-01-01,2015-12-31
unitedStates,UT,San Juan,Southern Rockies & Colorado Plateau,D13,Moab NEON,MOAB,distributed,mammalGrid,,MOAB_008,8100,90m x 90m,E5,38.23087971,-109.3872474,WGS84,12N,641154.706,4232661.662,0.1,1761.398,0.1,1752.55,1761.4,2.05185008,142.1054688,shrubScrub,Aridisols,GeoXH 6000,2014-11-18,138,3,1.5,MOAB_008_mammalGrid,mam,decommissioned,2015-01-01,2015-12-31
unitedStates,UT,San Juan,Southern Rockies & Colorado Plateau,D13,Moab NEON,MOAB,distributed,birdGrid,,MOAB_008,250000,500m x 500m,B2,38.23059928,-109.38573,WGS84,12N,641288.062,4232632.859,0.1,1751.513,0.1,1741.408569,1769.364746,2.423774,217.93573,shrubScrub,Aridisols,GeoXH 6000,2014-11-12,120,2.5,1.1,MOAB_008_birdGrid,brd,decommissioned,2015-01-01,2015-12-31
unitedStates,UT,San Juan,Southern Rockies & Colorado Plateau,D13,Moab NEON,MOAB,distributed,basePlot,,MOAB_008,1600,40m x 40m,41,38.2301213,-109.3858327,WGS84,12N,641280,4232579.664,0.1,1750.03,0.1,1748.86,1752.98,9,186,shrubScrub,Aridisols,GeoXH 6000,2014-11-12,138,1.7,1.1,MOAB_008_basePlot,bet|div,decommissioned,2015-01-01,2015-12-31
unitedStates,UT,San Juan,Southern Rockies & Colorado Plateau,D13,Moab NEON,MOAB,distributed,mammalGrid,diversity,MOAB_025,8100,90m x 90m,E5,38.268912,-109.349213,WGS84,12N,644408.51,4236940.701,0.1,2028.71,0.1,2024.11,2038.5,7.83,330.94,evergreenForest,Entisols,GeoXH 6000,2015-03-25,305,1.9,1.1,MOAB_025_mammalGrid,mam,decommissioned,2015-01-01,2017-12-31
unitedStates,UT,San Juan,Southern Rockies & Colorado Plateau,D13,Moab NEON,MOAB,distributed,birdGrid,ninePoints,MOAB_026,250000,500m x 500m,B2,38.274261,-109.348,WGS84,12N,644504.078,4237536.185,0.1,2032.44,0.1,1993.91,2046.04,14.92,26.76,evergreenForest,Entisols,GeoXH 6000,2015-04-02,347,2.1,1.1,MOAB_026_birdGrid,brd,decommissioned,2015-01-01,2019-12-31
unitedStates,UT,San Juan,Southern Rockies & Colorado Plateau,D13,Moab NEON,MOAB,distributed,birdGrid,,MOAB_031,250000,500m x 500m,B2,38.25493854,-109.4300223,WGS84,12N,637365.353,4235267.018,0.1,1781.438,0.1,1763.896484,1787.658081,2.369478,160.267868,shrubScrub,Aridisols,GeoXH 6000,2014-11-12,211,2.2,1.2,MOAB_031_birdGrid,brd,decommissioned,2015-01-01,2015-12-31
unitedStates,UT,San Juan,Southern Rockies & Colorado Plateau,D13,Moab NEON,MOAB,distributed,birdGrid,ninePoints,MOAB_032,250000,500m x 500m,B2,38.268742,-109.357103,WGS84,12N,643718.646,4236909.543,0.1,1865.96,0.1,1845.72,1990.03,5.42,309.3,evergreenForest,Entisols,GeoXH 6000,2015-03-26,504,1.9,1.2,MOAB_032_birdGrid,brd,decommissioned,2015-01-01,2019-12-31
unitedStates,UT,San Juan,Southern Rockies & Colorado Plateau,D13,Moab NEON,MOAB,distributed,birdGrid,ninePoints,MOAB_033,250000,500m x 500m,B2,38.277468,-109.361664,WGS84,12N,643302.426,4237870.766,0.1,1998.2,0.1,1980.97,2023.3,3.91,225.37,evergreenForest,Entisols,GeoXH 6000,2015-04-02,319,2.3,1.4,MOAB_033_birdGrid,brd,decommissioned,2015-01-01,2019-12-31
unitedStates,ND,Morton,Northern Plains,D09,Northern Great Plains Research Laboratory NEON,NOGP,distributed,mammalGrid,diversity,NOGP_010,8100,90m x 90m,E5,46.766411,-100.917537,WGS84,14N,353585.657,5180992.069,0.1,588.58,0.1,588.58,590.51,0.85,94.63,grasslandHerbaceous,Mollisols,Geo 7X (H-Star),2015-08-24,129,2,1,NOGP_010_mammalGrid,mam,decommissioned,2016-01-01,2017-12-31
unitedStates,ND,Morton,Northern Plains,D09,Northern Great Plains Research Laboratory NEON,NOGP,tower,basePlot,,NOGP_063,400,20m x 20m,41,46.7696462,-100.914914,WGS84,14N,353794.691,5181346.707,0.1,588.63,0.1,0,0,0.39,135.6,grasslandHerbaceous,Mollisols,GeoXH 6000,2015-06-29,121,1.2,0.7,NOGP_063_basePlot,vst,decommissioned,2015-01-01,2015-12-31
unitedStates,OK,Washita,Southern Plains,D11,Marvin Klemme Range Research Station NEON,OAES,distributed,mammalGrid,diversity,OAES_010,8100,90m x 90m,E5,35.398093,-99.059661,WGS84,14N,494582.344,3917193.141,0.1,500.56,0.1,500.56,506.05,2.58,275.5,grasslandHerbaceous,Inceptisols,GeoXH 6000,2014-10-30,130,2.4,1.1,OAES_010_mammalGrid,mam,decommissioned,2015-01-01,2016-12-31
unitedStates,OK,Washita,Southern Plains,D11,Marvin Klemme Range Research Station NEON,OAES,distributed,mammalGrid,diversity,OAES_030,8100,90m x 90m,E5,35.40875,-99.071305,WGS84,14N,493525.817,3918375.802,0.1,507.09,0.1,505.99,511.33,3.07,231.18,shrubScrub,Inceptisols,GeoXH 6000,2014-11-05,158,2.4,1.2,OAES_030_mammalGrid,mam,decommissioned,2015-01-01,2015-12-31
unitedStates,UT,Tooele,Great Basin,D15,Onaqui NEON,ONAQ,distributed,mosquitoPoint,,ONAQ_001,0,0m,41,40.20528408,-112.459185,WGS84,12N,375815.931,4451563.065,0.1,1676.591,0.1,1676.591,1676.591,2.27,108.73,shrubScrub,Aridisols,GeoXH 6000,2014-08-14,125,2.2,1.4,ONAQ_001_mosquitoPoint,mos,decommissioned,2014-01-01,2014-12-31
unitedStates,UT,Tooele,Great Basin,D15,Onaqui NEON,ONAQ,distributed,tickPlot,,ONAQ_003,1600,40m x 40m,41,40.204804,-112.431028,WGS84,12N,378211.492,4451470.76,0.11,1613.09,0.15,1611.81,1613.87,2.13,101.48,shrubScrub,Aridisols,GeoXH 6000,2014-04-15,123,2.6,1.3,ONAQ_003_tickPlot,tck,decommissioned,2014-01-01,2014-12-31
unitedStates,UT,Tooele,Great Basin,D15,Onaqui NEON,ONAQ,distributed,basePlot,,ONAQ_006,1600,40m x 40m,41,40.164707,-112.547061,WGS84,12N,368258.478,4447185.714,0.1,2080.17,0.1,2067.91,2089.2,14.14,353.4,evergreenForest,Mollisols,GeoXH 6000,2014-04-10,336,2.6,1.6,ONAQ_006_basePlot,bet|bgc|div|hbp,decommissioned,2014-01-01,2015-12-31
unitedStates,UT,Tooele,Great Basin,D15,Onaqui NEON,ONAQ,distributed,mammalGrid,diversity,ONAQ_008,8100,90m x 90m,E5,40.1585969,-112.5197983,WGS84,12N,370568.514,4446467.363,0.1,1794.85,0.1,1794.85,1832.225737,12.017,86.633537,evergreenForest,Mollisols,GeoXH 6000,2014-04-14,301,2.7,1.7,ONAQ_008_mammalGrid,mam,decommissioned,2014-01-01,2014-12-31
unitedStates,UT,Tooele,Great Basin,D15,Onaqui NEON,ONAQ,distributed,tickPlot,,ONAQ_008,1600,40m x 40m,41,40.159824,-112.522071,WGS84,12N,370377.303,4446606.908,0.29,1815,0.41,1812,1817.54,5.09,152.29,evergreenForest,Mollisols,GeoXH 6000,2014-04-14,308,2.9,1.3,ONAQ_008_tickPlot,tck,decommissioned,2014-01-01,2014-12-31
unitedStates,UT,Tooele,Great Basin,D15,Onaqui NEON,ONAQ,distributed,tickPlot,,ONAQ_010,1600,40m x 40m,41,40.20229,-112.497759,WGS84,12N,372527.395,4451285.401,0.1,1892.4,0.1,1883.43,1899.59,15.27,112.62,evergreenForest,Mollisols,GeoXH 6000,2014-04-13,330,2.6,1.3,ONAQ_010_tickPlot,tck,decommissioned,2014-01-01,2014-12-31
unitedStates,UT,Tooele,Great Basin,D15,Onaqui NEON,ONAQ,distributed,mosquitoPoint,,ONAQ_013,0,0m,41,40.21055647,-112.4688145,WGS84,12N,375006.074,4452161.823,0.1,1716.713,0.1,1716.713,1716.713,2.98,67.66,shrubScrub,Aridisols,GeoXH 6000,2014-08-14,121,2,1.2,ONAQ_013_mosquitoPoint,mos,decommissioned,2014-01-01,2014-12-31
unitedStates,UT,Tooele,Great Basin,D15,Onaqui NEON,ONAQ,distributed,mammalGrid,diversity,ONAQ_014,8100,90m x 90m,E5,40.206674,-112.447162,WGS84,12N,376841.675,4451700.545,0.1,1642.35,0.22,1642.35,1646.05,1.5,80.49,shrubScrub,Aridisols,GeoXH 6000,2014-04-14,127,3,1.3,ONAQ_014_mammalGrid,mam,decommissioned,2014-01-01,2015-12-31
unitedStates,UT,Tooele,Great Basin,D15,Onaqui NEON,ONAQ,distributed,mammalGrid,diversity,ONAQ_015,8100,90m x 90m,E5,40.150341,-112.479169,WGS84,12N,374013.53,4445492.511,0.1,1660.94,0.1,1659.85,1663.2,1.61,154.69,shrubScrub,Aridisols,GeoXH 6000,2014-04-16,121,2,1.2,ONAQ_015_mammalGrid,mam,decommissioned,2014-01-01,2015-12-31
unitedStates,UT,Tooele,Great Basin,D15,Onaqui NEON,ONAQ,distributed,mammalGrid,diversity,ONAQ_017,8100,90m x 90m,E5,40.19050603,-112.517316,WGS84,12N,370840.449,4450005.667,0.1,1919.569,0.12,1919.569,1980.964952,14.036,36.869896,evergreenForest,Mollisols,GeoXH 6000,2014-04-18,138,3,1.3,ONAQ_017_mammalGrid,mam,decommissioned,2014-01-01,2014-12-31
unitedStates,UT,Tooele,Great Basin,D15,Onaqui NEON,ONAQ,distributed,mammalGrid,diversity,ONAQ_021,8100,90m x 90m,E5,40.15245648,-112.5420819,WGS84,12N,368658.858,4445818.486,0.1,1881.097,0.12,1881.097,2033.103191,19.583,108.4349,evergreenForest,Mollisols,GeoXH 6000,2014-04-11,309,2.9,1.6,ONAQ_021_mammalGrid,mam,decommissioned,2014-01-01,2014-12-31
unitedStates,UT,Tooele,Great Basin,D15,Onaqui NEON,ONAQ,distributed,mosquitoPoint,,ONAQ_033,0,0m,41,40.21352904,-112.466764,WGS84,12N,375186.025,4452488.893,0.1,1703.433,0.1,1703.433,1703.433,3.03,111.89,shrubScrub,Aridisols,GeoXH 6000,2014-08-14,133,2,1.2,ONAQ_033_mosquitoPoint,mos,decommissioned,2014-01-01,2014-12-31
unitedStates,UT,Tooele,Great Basin,D15,Onaqui NEON,ONAQ,distributed,mosquitoPoint,,ONAQ_034,0,0m,41,40.18204928,-112.5210165,WGS84,12N,370509.359,4449072.355,0.1,1941.74,0.1,1941.74,1941.74,4.71,134.02,evergreenForest,Mollisols,GeoXH 6000,2014-08-14,122,2.2,1.1,ONAQ_034_mosquitoPoint,mos,decommissioned,2014-01-01,2014-12-31
unitedStates,UT,Tooele,Great Basin,D15,Onaqui NEON,ONAQ,distributed,mosquitoPoint,,ONAQ_035,0,0m,41,40.21537744,-112.4308051,WGS84,12N,378249.354,4452644.097,0.1,1607.747,0.1,1607.747,1607.747,2.06,56.86,shrubScrub,Aridisols,GeoXH 6000,2014-08-14,122,2.1,1.3,ONAQ_035_mosquitoPoint,mos,decommissioned,2014-01-01,2014-12-31
unitedStates,UT,Tooele,Great Basin,D15,Onaqui NEON,ONAQ,distributed,mosquitoPoint,,ONAQ_036,0,0m,41,40.20462598,-112.4256338,WGS84,12N,378670.233,4451443.601,0.1,1597.811,0.1,1597.811,1597.811,3.6,77.74,shrubScrub,Aridisols,GeoXH 6000,2014-08-14,123,1.6,0.9,ONAQ_036_mosquitoPoint,mos,decommissioned,2014-01-01,2014-12-31
unitedStates,UT,Tooele,Great Basin,D15,Onaqui NEON,ONAQ,distributed,mosquitoPoint,,ONAQ_037,0,0m,41,40.20578711,-112.4640892,WGS84,12N,375399.466,4451625.776,0.1,1695.019,0.1,1695.019,1695.019,2.38,96.6,shrubScrub,Aridisols,GeoXH 6000,2014-08-14,120,1.7,1.1,ONAQ_037_mosquitoPoint,mos,decommissioned,2014-01-01,2014-12-31
unitedStates,UT,Tooele,Great Basin,D15,Onaqui NEON,ONAQ,distributed,mosquitoPoint,,ONAQ_038,0,0m,41,40.19047523,-112.5043019,WGS84,12N,371948.245,4449983.393,0.13,1820.578,0.19,1820.578,1820.578,9.69,64.93,evergreenForest,Mollisols,GeoXH 6000,2014-08-14,322,2.3,1.4,ONAQ_038_mosquitoPoint,mos,decommissioned,2014-01-01,2014-12-31
unitedStates,UT,Tooele,Great Basin,D15,Onaqui NEON,ONAQ,distributed,mosquitoPoint,,ONAQ_039,0,0m,41,40.19160841,-112.5141844,WGS84,12N,371109.122,4450123.48,0.1,1905.241,0.11,1905.241,1905.241,2.87,214.43,evergreenForest,Mollisols,GeoXH 6000,2014-08-14,119,1.7,0.8,ONAQ_039_mosquitoPoint,mos,decommissioned,2014-01-01,2014-12-31
unitedStates,UT,Tooele,Great Basin,D15,Onaqui NEON,ONAQ,distributed,mosquitoPoint,,ONAQ_040,0,0m,41,40.18381996,-112.5108374,WGS84,12N,371379.324,4449254.103,0.1,1839.18,0.1,1839.18,1839.18,2.61,51.84,evergreenForest,Mollisols,GeoXH 6000,2014-08-14,302,1.9,0.9,ONAQ_040_mosquitoPoint,mos,decommissioned,2014-01-01,2014-12-31
unitedStates,TN,Anderson,Appalachians & Cumberland Plateau,D07,Oak Ridge NEON,ORNL,distributed,birdGrid,ninePoints,ORNL_029,250000,500m x 500m,B2,35.956953,-84.262109,WGS84,16N,746923.034,3982639.632,0.15,277.73,0.2,245.29,312.99,12.71,297.61,evergreenForest,Alfisols,Geo 7X (H-Star),2014-11-06,510,7,2.4,ORNL_029_birdGrid,brd,decommissioned,2016-01-01,2017-12-31
unitedStates,TN,Anderson,Appalachians & Cumberland Plateau,D07,Oak Ridge NEON,ORNL,distributed,basePlot,,ORNL_034,1600,40m x 40m,41,35.98283883,-84.20475407,WGS84,16N,752014.6531,3985658.577,NA,258,NA,NA,NA,NA,NA,pastureHay,,,NA,NA,NA,NA,ORNL_034_basePlot,hbp,decommissioned,2014-01-01,2014-12-31
unitedStates,TN,Roane,Appalachians & Cumberland Plateau,D07,Oak Ridge NEON,ORNL,distributed,birdGrid,ninePoints,ORNL_035,250000,500m x 500m,B2,35.975032,-84.349261,WGS84,16N,739006.762,3984428.288,0.14,261.07,0.21,243.62,296.66,11.95,60.77,evergreenForest,,GeoXH 6000,2014-11-04,375,6.8,3,ORNL_035_birdGrid,brd,decommissioned,2016-01-01,2017-12-31
unitedStates,TN,Roane,Appalachians & Cumberland Plateau,D07,Oak Ridge NEON,ORNL,distributed,basePlot,,ORNL_041,1600,40m x 40m,41,35.950771,-84.389447,WGS84,16N,735454.632,3981638.695,0.17,236.04,0.3,236.04,243.13,5.48,283.2,evergreenForest,,GeoXH 6000,2014-01-30,311,3.9,1.6,ORNL_041_basePlot,div,decommissioned,2014-01-01,2018-12-31
unitedStates,TN,Anderson,Appalachians & Cumberland Plateau,D07,Oak Ridge NEON,ORNL,distributed,basePlot,,ORNL_044,1600,40m x 40m,41,35.95454,-84.220065,WGS84,16N,750723.466,3982479.21,0.1,268.54,0.14,264.73,269.22,3.32,112.6,pastureHay,Ultisols,GeoXH 6000,2014-02-07,600,2.5,1.7,ORNL_044_basePlot,cdw|dhp|div|hbp|vst,decommissioned,2014-01-01,2018-12-31
unitedStates,TN,Anderson,Appalachians & Cumberland Plateau,D07,Oak Ridge NEON,ORNL,distributed,birdGrid,ninePoints,ORNL_048,250000,500m x 500m,B2,35.951585,-84.219462,WGS84,16N,750787.218,3982152.846,0.1,282.26,0.31,249.87,289.52,5.31,173.93,pastureHay,Ultisols,GeoXH 6000,2014-11-06,446,1.6,0.8,ORNL_048_birdGrid,brd,decommissioned,2016-01-01,2017-12-31
unitedStates,TN,Anderson,Appalachians & Cumberland Plateau,D07,Oak Ridge NEON,ORNL,distributed,basePlot,,ORNL_048,1600,40m x 40m,41,35.952578,-84.217798,WGS84,16N,750934.139,3982267.27,0.1,258.86,0.1,256.6,263.59,4.12,208.9,pastureHay,Ultisols,GeoXH 6000,2014-04-22,201,1.7,0.8,ORNL_048_basePlot,div,decommissioned,2014-01-01,2018-12-31
unitedStates,TN,Anderson,Appalachians & Cumberland Plateau,D07,Oak Ridge NEON,ORNL,tower,phenology,phenocam,ORNL_065,40000,200m x 200m,C,35.965819,-84.282592,WGS84,16N,745047.878,3983571.645,NA,309.23,NA,309.23,348.18,12.87,140.23,,Ultisols,GIS,NA,NA,NA,NA,ORNL_065_phenology,phe,decommissioned,2018-01-01,2018-12-31
unitedStates,FL,Putnam,Southeast,D03,Ordway-Swisher Biological Station NEON,OSBS,distributed,tickPlot,,OSBS_003,1600,40m x 40m,41,29.693693,-81.94701,WGS84,17N,408381.769,3285219.98,0.26,38.17,0.45,34.84,38.25,2,119,evergreenForest,Entisols,GeoXH 6000,2013-08-06,133,3.6,1.8,OSBS_003_tickPlot,tck,decommissioned,2014-01-01,2017-12-31
unitedStates,FL,Putnam,Southeast,D03,Ordway-Swisher Biological Station NEON,OSBS,distributed,tickPlot,,OSBS_005,1600,40m x 40m,41,29.697923,-82.025623,WGS84,17N,400780.059,3285753.482,0.44,36.02,1.15,28.37,36.02,1,101,woodyWetlands,Entisols,GeoXH 6000,2013-07-23,130,5,1.9,OSBS_005_tickPlot,tck,decommissioned,2014-01-01,2019-12-31
unitedStates,FL,Putnam,Southeast,D03,Ordway-Swisher Biological Station NEON,OSBS,distributed,birdGrid,ninePoints,OSBS_009,250000,500m x 500m,B2,29.69765,-82.015949,WGS84,17N,401715.796,3285715.062,0.51,33.28,0.63,33.28,41.49,3,315,woodyWetlands,Entisols,GeoXH 6000,2013-11-13,123,6.4,4.2,OSBS_009_birdGrid,brd,decommissioned,2016-01-01,2019-12-31
unitedStates,FL,Putnam,Southeast,D03,Ordway-Swisher Biological Station NEON,OSBS,distributed,birdGrid,ninePoints,OSBS_012,250000,500m x 500m,B2,29.718876,-81.983914,WGS84,17N,404835.005,3288040.319,0.1,25.07,0.1,25.07,32.34,1,252,woodyWetlands,Histosols,GeoXH 6000,2013-11-12,129,3,1.4,OSBS_012_birdGrid,brd,decommissioned,2016-01-01,2017-12-31
unitedStates,FL,Putnam,Southeast,D03,Ordway-Swisher Biological Station NEON,OSBS,distributed,mammalGrid,diversity,OSBS_012,8100,90m x 90m,E5,29.720107,-81.984994,WGS84,17N,404731.767,3288177.555,0.11,26.59,0.28,26.59,32.09,0,0,woodyWetlands,Histosols,GeoXH 6000,2013-07-03,120,4,1.4,OSBS_012_mammalGrid,mam,decommissioned,2013-01-01,2017-12-31
unitedStates,FL,Putnam,Southeast,D03,Ordway-Swisher Biological Station NEON,OSBS,distributed,basePlot,,OSBS_012,1600,40m x 40m,41,29.71907,-81.983943,WGS84,17N,404832.396,3288061.845,0.1,25.48,0.1,24.8,25.63,1.72,90,woodyWetlands,Histosols,GeoXH 6000,2013-06-20,125,1.9,1.1,OSBS_012_basePlot,bet|cdw|dhp|div|hbp|vst,decommissioned,2013-01-01,2016-12-31
unitedStates,FL,Putnam,Southeast,D03,Ordway-Swisher Biological Station NEON,OSBS,distributed,basePlot,,OSBS_015,1600,40m x 40m,41,29.710251,-81.969273,WGS84,17N,406243.18,3287072.571,0.1,25.64,0.1,25.25,26.86,0.57,98,woodyWetlands,Histosols,GeoXH 6000,2013-06-20,131,2.7,1.3,OSBS_015_basePlot,all|cdw|dhp|div|hbp|vst,decommissioned,2013-01-01,2018-12-31
unitedStates,FL,Putnam,Southeast,D03,Ordway-Swisher Biological Station NEON,OSBS,distributed,basePlot,,OSBS_018,1600,40m x 40m,41,29.686636,-81.942713,WGS84,17N,408791.071,3284434.512,0.1,25.98,0.11,25.41,25.98,0,0,woodyWetlands,Entisols,GeoXH 6000,2013-07-04,128,2.1,1,OSBS_018_basePlot,all|div|hbp|vst,decommissioned,2013-01-01,2017-12-31
unitedStates,FL,Putnam,Southeast,D03,Ordway-Swisher Biological Station NEON,OSBS,distributed,basePlot,,OSBS_019,1600,40m x 40m,41,29.695991,-81.959217,WGS84,17N,407202.853,3285484.354,0.1,23.39,0.11,23.18,27.24,1.26,0,emergentHerbaceousWetlands,Histosols,GeoXH 6000,2013-06-19,125,3.2,1.8,OSBS_019_basePlot,bet|div,decommissioned,2013-01-01,2016-12-31
unitedStates,FL,Putnam,Southeast,D03,Ordway-Swisher Biological Station NEON,OSBS,distributed,basePlot,,OSBS_021,1600,40m x 40m,41,29.695767,-81.953022,WGS84,17N,407801.937,3285454.492,0.27,26.99,0.67,23.6,27.11,0.57,135,woodyWetlands,Histosols,GeoXH 6000,2013-07-25,128,7,1.9,OSBS_021_basePlot,all|div|hbp|vst,decommissioned,2013-01-01,2016-12-31
unitedStates,FL,Putnam,Southeast,D03,Ordway-Swisher Biological Station NEON,OSBS,distributed,tickPlot,,OSBS_022,1600,40m x 40m,41,29.688309,-81.961968,WGS84,17N,406929.589,3284635.296,0.1,24.32,0.11,23.82,24.6,1,90,emergentHerbaceousWetlands,Histosols,GeoXH 6000,2016-04-07,409,1.4,0.8,OSBS_022_tickPlot,tck,decommissioned,2014-01-01,2017-12-31
unitedStates,FL,Putnam,Southeast,D03,Ordway-Swisher Biological Station NEON,OSBS,distributed,basePlot,,OSBS_022,1600,40m x 40m,41,29.689482,-81.960693,WGS84,17N,407054.082,3284764.174,0.1,23.97,0.1,22.91,24.25,0.57,80,emergentHerbaceousWetlands,Histosols,GeoXH 6000,2013-06-19,122,2.4,1.1,OSBS_022_basePlot,all|bet|bgc|cdw|dhp|div|hbp|vst,decommissioned,2013-01-01,2019-12-31
unitedStates,FL,Putnam,Southeast,D03,Ordway-Swisher Biological Station NEON,OSBS,distributed,mammalGrid,diversity,OSBS_023,8100,90m x 90m,E5,29.723545,-81.984417,WGS84,17N,404790.806,3288558.1,0.1,24.82,0.13,24.82,32,1,198,emergentHerbaceousWetlands,Histosols,GeoXH 6000,2013-07-03,121,2.6,1.3,OSBS_023_mammalGrid,mam,decommissioned,2013-01-01,2017-12-31
unitedStates,FL,Putnam,Southeast,D03,Ordway-Swisher Biological Station NEON,OSBS,distributed,basePlot,,OSBS_023,1600,40m x 40m,41,29.722597,-81.985527,WGS84,17N,404682.567,3288453.919,0.1,25.77,0.1,25.25,30.05,2,0,emergentHerbaceousWetlands,Histosols,GeoXH 6000,2013-06-20,134,3.9,1.3,OSBS_023_basePlot,all|bet|bgc|cdw|dhp|div|hbp|vst,decommissioned,2013-01-01,2019-12-31
unitedStates,FL,Putnam,Southeast,D03,Ordway-Swisher Biological Station NEON,OSBS,distributed,basePlot,,OSBS_024,1600,40m x 40m,41,29.723939,-81.986781,WGS84,17N,404562.488,3288603.666,0.1,25.14,0.11,24.33,25.85,2.29,16,emergentHerbaceousWetlands,Histosols,GeoXH 6000,2013-06-20,121,2.1,1,OSBS_024_basePlot,all|cdw|dhp|div|hbp|vst,decommissioned,2013-01-01,2016-12-31
unitedStates,FL,Putnam,Southeast,D03,Ordway-Swisher Biological Station NEON,OSBS,distributed,birdGrid,ninePoints,OSBS_047,250000,500m x 500m,B2,29.678061,-82.023641,WGS84,17N,400952.404,3283550.855,0.1,26.94,0.11,26.94,33.56,0,0,emergentHerbaceousWetlands,Histosols,GeoXH 6000,2013-10-28,125,3.6,1.4,OSBS_047_birdGrid,brd,decommissioned,2016-01-01,2017-12-31
unitedStates,FL,Putnam,Southeast,D03,Ordway-Swisher Biological Station NEON,OSBS,distributed,basePlot,,OSBS_049,1600,40m x 40m,41,29.686229,-81.964097,WGS84,17N,406721.679,3284406.469,0.1,24.07,0.1,24.01,24.5,0,0,emergentHerbaceousWetlands,Histosols,GeoXH 6000,2014-01-08,375,2.3,1.1,OSBS_049_basePlot,div|vst,decommissioned,2014-01-01,2016-12-31
unitedStates,FL,Putnam,Southeast,D03,Ordway-Swisher Biological Station NEON,OSBS,distributed,basePlot,,OSBS_050,1600,40m x 40m,41,29.68969,-82.005389,WGS84,17N,402729.729,3284824.049,0.1,29.43,0.15,28.09,31.33,1,281,emergentHerbaceousWetlands,Entisols,GeoXH 6000,2013-12-19,375,2.2,1.2,OSBS_050_basePlot,all|div|vst,decommissioned,2014-01-01,2017-12-31
unitedStates,FL,Putnam,Southeast,D03,Ordway-Swisher Biological Station NEON,OSBS,distributed,basePlot,,OSBS_051,1600,40m x 40m,41,29.67776,-82.007709,WGS84,17N,402493.755,3283504.027,0.1,24.21,0.13,23.28,28.09,0,0,emergentHerbaceousWetlands,Histosols,GeoXH 6000,2013-12-19,300,2.1,1.1,OSBS_051_basePlot,all|cdw|dhp|div|hbp|vst,decommissioned,2014-01-01,2017-12-31
unitedStates,FL,Putnam,Southeast,D03,Ordway-Swisher Biological Station NEON,OSBS,distributed,mosquitoPoint,,OSBS_058,0,0m,41,29.700742,-82.009505,WGS84,17N,402342.144,3286052.231,10.34,35.94,0.44,35.94,35.94,4,337,woodyWetlands,Entisols,GeoXH 6000,2014-03-18,304,5.1,2.5,OSBS_058_mosquitoPoint,mos,decommissioned,2014-01-01,2020-12-31
unitedStates,FL,Putnam,Southeast,D03,Ordway-Swisher Biological Station NEON,OSBS,distributed,mosquitoPoint,,OSBS_059,0,0m,41,29.686937,-81.962158,WGS84,17N,406909.978,3284483.424,10.1,24.53,0.1,24.53,24.53,2,288,emergentHerbaceousWetlands,Histosols,GeoXH 6000,2014-03-18,181,1.9,1.1,OSBS_059_mosquitoPoint,mos,decommissioned,2014-01-01,2020-12-31
unitedStates,FL,Putnam,Southeast,D03,Ordway-Swisher Biological Station NEON,OSBS,distributed,mosquitoPoint,,OSBS_061,0,0m,41,29.685885,-81.958591,WGS84,17N,407254.11,3284363.978,10.1,24.11,0.1,24.11,24.11,2,45,emergentHerbaceousWetlands,Histosols,GeoXH 6000,2014-03-18,182,2.3,1.2,OSBS_061_mosquitoPoint,mos,decommissioned,2014-01-01,2020-12-31
unitedStates,HI,Hawaii,Pacific Tropical,D20,Pu'u Maka'ala Natural Area Reserve NEON,PUUM,distributed,mosquitoPoint,,PUUM_021,0,0m,41,19.576295,-155.333007,WGS84,5N,255256.131,2166265.388,10.1,1774.5,0.11,1774.5,1774.5,3.86,60.74,evergreenForest,Histosols,Geo 7X (H-Star),2018-05-11,504,2.4,1,PUUM_021_mosquitoPoint,mos,decommissioned,2018-01-01,2019-12-31
unitedStates,HI,Hawaii,Pacific Tropical,D20,Pu'u Maka'ala Natural Area Reserve NEON,PUUM,distributed,mosquitoPoint,,PUUM_024,0,0m,41,19.559971,-155.335468,WGS84,5N,254973.18,2164461.455,10.48,1842.51,0.84,1842.51,1842.51,5.79,78.51,evergreenForest,Andisols,Geo 7X (H-Star),2018-05-10,590,141.3,99.9,PUUM_024_mosquitoPoint,mos,decommissioned,2018-01-01,2019-12-31
unitedStates,HI,Hawaii,Pacific Tropical,D20,Pu'u Maka'ala Natural Area Reserve NEON,PUUM,distributed,mosquitoPoint,,PUUM_025,0,0m,41,19.563442,-155.342367,WGS84,5N,254254.338,2164855.666,10.1,1877.11,0.1,1877.11,1877.11,4.69,62.14,evergreenForest,Histosols,Geo 7X (H-Star),2018-05-08,306,2.6,1.1,PUUM_025_mosquitoPoint,mos,decommissioned,2018-01-01,2019-12-31
unitedStates,HI,Hawaii,Pacific Tropical,D20,Pu'u Maka'ala Natural Area Reserve NEON,PUUM,distributed,mosquitoPoint,,PUUM_028,0,0m,41,19.581538,-155.336702,WGS84,5N,254876.297,2166851.227,10.13,1758.67,0.16,1758.67,1758.67,3.35,22.2,evergreenForest,Histosols,Geo 7X (H-Star),2017-11-16,328,4,1.5,PUUM_028_mosquitoPoint,mos,decommissioned,2018-01-01,2019-12-31
unitedStates,HI,Hawaii,Pacific Tropical,D20,Pu'u Maka'ala Natural Area Reserve NEON,PUUM,distributed,mosquitoPoint,,PUUM_030,0,0m,41,19.595051,-155.348136,WGS84,5N,253696.913,2168364.021,10.1,1798.55,0.11,1798.55,1798.55,4.51,73.75,evergreenForest,Histosols,Geo 7X (H-Star),2017-11-17,302,2.5,1.2,PUUM_030_mosquitoPoint,mos,decommissioned,2018-01-01,2019-12-31
unitedStates,CO,Boulder,Central Plains,D10,Rocky Mountains NEON,RMNP,distributed,birdGrid,ninePoints,RMNP_017,250000,500m x 500m,B2,40.200253,-105.492743,WGS84,13N,458062.604,4450100.165,0.1,2577.61,0.1,2519.18,2634.35,23.09,22.41,evergreenForest,Inceptisols,Geo 7X (H-Star),2016-10-20,507,2.6,1,RMNP_017_birdGrid,brd,decommissioned,2017-01-01,2017-12-31
unitedStates,CO,Boulder,Central Plains,D10,Rocky Mountains NEON,RMNP,distributed,birdGrid,ninePoints,RMNP_018,250000,500m x 500m,B2,40.165269,-105.539087,WGS84,13N,454094.679,4446240.004,0.12,2857.05,0.13,2792.54,2924.96,9.81,61.37,evergreenForest,Alfisols,GeoXH 6000,2016-10-20,477,3.8,1.8,RMNP_018_birdGrid,brd,decommissioned,2017-01-01,2017-12-31
unitedStates,CO,Boulder,Central Plains,D10,Rocky Mountains NEON,RMNP,distributed,mosquitoPoint,,RMNP_032,0,0m,41,40.204111,-105.476539,WGS84,13N,459444.093,4450520.823,10.11,2651.55,0.11,2651.55,2651.55,15.1,80.13,evergreenForest,Inceptisols,Geo 7X,2016-06-08,329,1.9,1,RMNP_032_mosquitoPoint,mos,decommissioned,2017-01-01,2017-12-31
unitedStates,CO,Boulder,Central Plains,D10,Rocky Mountains NEON,RMNP,distributed,mosquitoPoint,,RMNP_034,0,0m,41,40.205167,-105.482553,WGS84,13N,458932.883,4450640.824,10.92,2672.21,0.75,2672.21,2672.21,7.33,188.35,evergreenForest,Inceptisols,Geo 7X,2016-06-08,326,1.8,0.9,RMNP_034_mosquitoPoint,mos,decommissioned,2017-01-01,2017-12-31
unitedStates,CO,Boulder,Central Plains,D10,Rocky Mountains NEON,RMNP,distributed,mosquitoPoint,,RMNP_035,0,0m,41,40.20668,-105.478738,WGS84,13N,459258.458,4450806.991,10.14,2648.83,0.16,2648.83,2648.83,5.68,66.48,evergreenForest,Inceptisols,Geo 7X,2016-06-08,302,2.8,1.2,RMNP_035_mosquitoPoint,mos,decommissioned,2017-01-01,2017-12-31
unitedStates,CO,Boulder,Central Plains,D10,Rocky Mountains NEON,RMNP,distributed,mosquitoPoint,,RMNP_036,0,0m,41,40.209335,-105.483622,WGS84,13N,458844.435,4451103.936,10.18,2654.35,0.15,2654.35,2654.35,17.22,327.16,evergreenForest,Inceptisols,Geo 7X,2016-06-08,380,2.9,1.5,RMNP_036_mosquitoPoint,mos,decommissioned,2017-01-01,2017-12-31
unitedStates,VA,Warren,Mid-Atlantic,D02,Smithsonian Conservation Biology Institute NEON,SCBI,distributed,basePlot,,SCBI_012,1600,40m x 40m,41,38.889095,-78.168896,WGS84,17N,745553.911,4308279.964,0.1,264.59,0.1,258.58,271.46,6.84,73.5,pastureHay,Alfisols,GeoXH 6000,2013-11-07,394,3.5,2.5,SCBI_012_basePlot,bet|bgc|brd|cdw|dhp|div|hbp|vst,decommissioned,2014-01-01,2018-12-31
unitedStates,VA,Warren,Mid-Atlantic,D02,Smithsonian Conservation Biology Institute NEON,SCBI,distributed,mosquitoPoint,,SCBI_025,0,0m,41,38.896061,-78.165846,WGS84,17N,745794.412,4309061.377,10.1,343.03,0.1,343.03,343.03,10.4,255.47,pastureHay,Alfisols,GeoXH 6000,2014-06-02,253,1.3,0.7,SCBI_025_mosquitoPoint,mos,decommissioned,2014-01-01,2018-12-31
unitedStates,VA,Warren,Mid-Atlantic,D02,Smithsonian Conservation Biology Institute NEON,SCBI,distributed,basePlot,,SCBI_033,1600,40m x 40m,41,38.888917,-78.161302,WGS84,17N,746213.254,4308280.609,0.1,299.26,0.1,292.64,305.38,5.2,32.5,pastureHay,Alfisols,GeoXH 6000,2013-11-15,132,1.8,1,SCBI_033_basePlot,bet|bgc|brd|cdw|dhp|div|hbp|vst,decommissioned,2014-01-01,2018-12-31
unitedStates,VA,Warren,Mid-Atlantic,D02,Smithsonian Conservation Biology Institute NEON,SCBI,distributed,basePlot,,SCBI_034,1600,40m x 40m,41,38.89106,-78.160512,WGS84,17N,746274.355,4308520.663,0.1,336.98,0.1,330.93,340.39,6.84,280.9,pastureHay,Alfisols,GeoXH 6000,2013-11-18,181,1.8,1.1,SCBI_034_basePlot,all|cdw|dhp|div|hbp|vst,decommissioned,2014-01-01,2017-12-31
unitedStates,VA,Warren,Mid-Atlantic,D02,Smithsonian Conservation Biology Institute NEON,SCBI,distributed,basePlot,,SCBI_037,1600,40m x 40m,41,38.892172,-78.161528,WGS84,17N,746182.448,4308641.3,0.1,366.98,0.1,361.3,370.69,4.63,316.8,pastureHay,Alfisols,GeoXH 6000,2014-01-08,124,1.7,0.7,SCBI_037_basePlot,all|brd|cdw|div|hbp,decommissioned,2014-01-01,2016-12-31
unitedStates,VA,Warren,Mid-Atlantic,D02,Smithsonian Conservation Biology Institute NEON,SCBI,distributed,mammalGrid,diversity,SCBI_039,8100,90m x 90m,E5,38.894934,-78.166558,WGS84,17N,745736.56,4308934.317,0.1,324.35,0.1,269.98,324.35,8.48,223.3,pastureHay,Alfisols,GeoXH 6000,2014-01-10,126,1.2,0.6,SCBI_039_mammalGrid,mam,decommissioned,2014-01-01,2017-12-31
unitedStates,VA,Warren,Mid-Atlantic,D02,Smithsonian Conservation Biology Institute NEON,SCBI,distributed,tickPlot,,SCBI_039,1600,40m x 40m,41,38.896433,-78.166542,WGS84,17N,745732.759,4309100.768,0.1,330.84,0.1,327.36,334.08,10.47,281.61,pastureHay,Alfisols,GeoXH 6000,2014-07-02,130,1.7,0.8,SCBI_039_tickPlot,tck,decommissioned,2014-01-01,2018-12-31
unitedStates,VA,Warren,Mid-Atlantic,D02,Smithsonian Conservation Biology Institute NEON,SCBI,distributed,basePlot,,SCBI_039,1600,40m x 40m,41,38.895506,-78.165196,WGS84,17N,745852.707,4309001.487,0.1,345.88,0.1,339.03,353.58,8.14,13.4,pastureHay,Alfisols,GeoXH 6000,2014-01-09,121,1.6,0.9,SCBI_039_basePlot,brd|div,decommissioned,2014-01-01,2018-12-31
unitedStates,VA,Warren,Mid-Atlantic,D02,Smithsonian Conservation Biology Institute NEON,SCBI,distributed,basePlot,,SCBI_041,1600,40m x 40m,41,38.891304,-78.15949,WGS84,17N,746362.187,4308550.461,0.1,322.53,0.1,318.4,328.69,9.2,7.9,pastureHay,Alfisols,GeoXH 6000,2014-01-10,137,1.5,0.8,SCBI_041_basePlot,div,decommissioned,2014-01-01,2017-12-31
unitedStates,VA,Warren,Mid-Atlantic,D02,Smithsonian Conservation Biology Institute NEON,SCBI,distributed,basePlot,,SCBI_042,1600,40m x 40m,41,38.880756,-78.169936,WGS84,17N,745492.404,4307351.557,0.1,330.41,0.14,323.64,334.96,7.74,219.4,pastureHay,Alfisols,GeoXH 6000,2014-01-13,133,1.1,0.6,SCBI_042_basePlot,div,decommissioned,2014-01-01,2017-12-31
unitedStates,VA,Warren,Mid-Atlantic,D02,Smithsonian Conservation Biology Institute NEON,SCBI,distributed,basePlot,,SCBI_044,1600,40m x 40m,41,38.88929,-78.165454,WGS84,17N,745851.783,4308310.843,0.1,277.47,0.1,274.35,281.57,4.97,34.2,pastureHay,Alfisols,GeoXH 6000,2014-02-05,123,1.8,1,SCBI_044_basePlot,div,decommissioned,2016-01-01,2016-12-31
unitedStates,VA,Warren,Mid-Atlantic,D02,Smithsonian Conservation Biology Institute NEON,SCBI,distributed,mosquitoPoint,,SCBI_068,0,0m,41,38.890976,-78.166035,WGS84,17N,745795.571,4308496.419,10.1,296.63,0.16,296.63,296.63,6.63,137.29,pastureHay,Alfisols,GeoXH 6000,2016-07-21,122,1.7,0.8,SCBI_068_mosquitoPoint,mos,decommissioned,2016-01-01,2018-12-31
unitedStates,MD,Anne Arundel,Mid-Atlantic,D02,Smithsonian Environmental Research Center NEON,SERC,distributed,basePlot,,SERC_015,1600,40m x 40m,41,38.898957,-76.55556,WGS84,18N,365106.428,4306713.914,0.18,17.84,0.28,17.84,27.62,1.78,108.8,deciduousForest,Ultisols,Geo 7X (H-Star),2014-10-13,332,26,14.2,SERC_015_basePlot,bet|div,decommissioned,2015-01-01,2015-12-31
unitedStates,MD,Anne Arundel,Mid-Atlantic,D02,Smithsonian Environmental Research Center NEON,SERC,distributed,mosquitoPoint,,SERC_034,0,0m,41,38.859398,-76.559387,WGS84,18N,364699.482,4302329.354,0.11,17.172,0.18,17.17,17.17,5.209949,219.94191,cultivatedCrops,Ultisols,GeoXH 6000,2014-10-20,301,2.3,1.1,SERC_034_mosquitoPoint,mos,decommissioned,2015-01-01,2015-12-31
unitedStates,MD,Anne Arundel,Mid-Atlantic,D02,Smithsonian Environmental Research Center NEON,SERC,distributed,mosquitoPoint,,SERC_035,0,0m,41,38.881255,-76.566318,WGS84,18N,364139.737,4304765.348,0.19,7.448,0.24,7.45,7.45,1.893919,253.619537,deciduousForest,Ultisols,GeoXH 6000,2014-10-20,302,9.3,3.5,SERC_035_mosquitoPoint,mos,decommissioned,2015-01-01,2015-12-31
unitedStates,MD,Anne Arundel,Mid-Atlantic,D02,Smithsonian Environmental Research Center NEON,SERC,distributed,mosquitoPoint,,SERC_037,0,0m,41,38.894217,-76.565648,WGS84,18N,364222.508,4306202.75,0.21,11.843,0.23,11.84,11.84,3.281501,77.305099,deciduousForest,Ultisols,GeoXH 6000,2014-10-20,302,3.3,1.3,SERC_037_mosquitoPoint,mos,decommissioned,2015-01-01,2015-12-31
unitedStates,MD,Anne Arundel,Mid-Atlantic,D02,Smithsonian Environmental Research Center NEON,SERC,distributed,mosquitoPoint,,SERC_038,0,0m,41,38.889125,-76.55032,WGS84,18N,365542.288,4305615.043,0.18,14.524,0.25,14.52,14.52,5.14383,144.078857,deciduousForest,Ultisols,GeoXH 6000,2014-10-20,302,9.9,5.1,SERC_038_mosquitoPoint,mos,decommissioned,2015-01-01,2015-12-31
unitedStates,MD,Anne Arundel,Mid-Atlantic,D02,Smithsonian Environmental Research Center NEON,SERC,distributed,mosquitoPoint,,SERC_039,0,0m,41,38.899762,-76.555149,WGS84,18N,365143.582,4306802.598,0.19,30.281,0.22,30.28,30.28,6.625971,114.347817,deciduousForest,Ultisols,GeoXH 6000,2014-10-20,316,7,2.9,SERC_039_mosquitoPoint,mos,decommissioned,2015-01-01,2015-12-31
unitedStates,MD,Anne Arundel,Mid-Atlantic,D02,Smithsonian Environmental Research Center NEON,SERC,tower,basePlot,,SERC_046,1600,40m x 40m,41,38.891258,-76.551167,WGS84,18N,365472.892,4305852.904,0.2,30.11,0.21,19.18,31.58,1.55,246.8,deciduousForest,Ultisols,Geo 7X (H-Star),2014-10-22,256,9.3,7,SERC_046_basePlot,bgc|div|hbp|ltr|vst,decommissioned,2015-01-01,2016-12-31
unitedStates,MD,Anne Arundel,Mid-Atlantic,D02,Smithsonian Environmental Research Center NEON,SERC,distributed,mosquitoPoint,,SERC_064,0,0m,41,38.896396,-76.552959,WGS84,18N,365327.144,4306425.813,0.27,31.71,0.36,31.71,31.71,8.9,277.62,deciduousForest,Ultisols,GeoXH 6000,2015-05-08,300,3.4,2.5,SERC_064_mosquitoPoint,mos,decommissioned,2015-01-01,2015-12-31
unitedStates,CA,Madera,Pacific Southwest,D17,San Joaquin Experimental Range NEON,SJER,distributed,birdGrid,ninePoints,SJER_010,250000,500m x 500m,B2,37.126996,-119.747368,WGS84,11N,255931.555,4112494.138,0.1,450.86,0.1,404.13,498.62,11.11,324.91,evergreenForest,Alfisols,Geo 7X (H-Star),2015-03-18,204,2.8,1.5,SJER_010_birdGrid,brd,decommissioned,2017-01-01,2019-12-31
unitedStates,CA,Madera,Pacific Southwest,D17,San Joaquin Experimental Range NEON,SJER,distributed,birdGrid,ninePoints,SJER_013,250000,500m x 500m,B2,37.083248,-119.728332,WGS84,11N,257483.46,4107590.542,0.1,272.39,0.1,240.79,323.47,19.22,319.05,evergreenForest,Alfisols,Geo 7X (H-Star),2015-03-11,310,3.3,2.8,SJER_013_birdGrid,brd,decommissioned,2017-01-01,2019-12-31
unitedStates,CA,Madera,Pacific Southwest,D17,San Joaquin Experimental Range NEON,SJER,distributed,mammalGrid,diversity,SJER_013,8100,90m x 90m,E5,37.082596,-119.729144,WGS84,11N,257409.156,4107520.302,0.31,269.35,0.28,252.94,299.81,20.42,312.51,evergreenForest,Alfisols,Geo 7X (H-Star),2015-03-11,307,7,4.4,SJER_013_mammalGrid,mam,decommissioned,2016-01-01,2018-12-31
unitedStates,CA,Fresno,Pacific Southwest,D17,Soaproot Saddle NEON,SOAP,distributed,basePlot,,SOAP_005,1600,40m x 40m,41,37.032124,-119.263245,WGS84,11N,298695.646,4100831.282,0.11,1207.64,0.11,1201.75,1209.79,7.07,198,evergreenForest,Alfisols,GeoXH 6000,2016-09-06,406,4,1.1,SOAP_005_basePlot,all|bet|bgc|brd|cfc|dhp|div|vst,decommissioned,2017-01-01,2018-12-31
unitedStates,AZ,Pima,Desert Southwest,D14,Santa Rita Experimental Range NEON,SRER,distributed,mammalGrid,diversity,SRER_002,8100,90m x 90m,E5,31.869165,-110.857931,WGS84,12N,513438.201,3525942.554,0.1,1029.07,0.1,1029.07,1033.96,1.85,292.27,shrubScrub,,GeoXH 6000,2015-01-15,176,1.2,0.7,SRER_002_mammalGrid,mam,decommissioned,2016-01-01,2016-12-31
unitedStates,AZ,Pima,Desert Southwest,D14,Santa Rita Experimental Range NEON,SRER,distributed,birdGrid,ninePoints,SRER_018,250000,500m x 500m,B2,31.897634,-110.908325,WGS84,12N,508668.838,3529092.951,0.1,897.42,0.1,895.69,906.03,0.88,310.9,shrubScrub,Mollisols,Geo 7X (H-Star),2015-01-12,151,3.6,1.3,SRER_018_birdGrid,brd,decommissioned,2017-01-01,2017-12-31
unitedStates,AZ,Pima,Desert Southwest,D14,Santa Rita Experimental Range NEON,SRER,distributed,birdGrid,ninePoints,SRER_020,250000,500m x 500m,B2,31.772725,-110.876426,WGS84,12N,511700.896,3515251.105,0.1,1163.34,0.1,1146.54,1179.13,2.41,302.97,shrubScrub,Aridisols,Geo 7X (H-Star),2015-01-16,212,1.4,0.6,SRER_020_birdGrid,brd,decommissioned,2017-01-01,2017-12-31
unitedStates,AZ,Pima,Desert Southwest,D14,Santa Rita Experimental Range NEON,SRER,distributed,mammalGrid,diversity,SRER_023,8100,90m x 90m,E5,31.854235,-110.857634,WGS84,12N,513468.457,3524287.755,0.1,1059.21,0.1,1059.21,1063.3,1.75,304.43,shrubScrub,,Geo 7X (H-Star),2016-06-06,129,1.4,0.7,SRER_023_mammalGrid,mam,decommissioned,2016-01-01,2016-12-31
unitedStates,WI,Price,Great Lakes,D05,Steigerwaldt-Chequamegon NEON,STEI,distributed,birdGrid,ninePoints,STEI_028,250000,500m x 500m,B2,45.814666,-90.066128,WGS84,16N,261794.322,5078028.574,0.15,494.32,0.23,494.32,502.44,0.3,89.37,woodyWetlands,Alfisols,Geo 7X (H-Star),2015-05-28,310,2.5,1,STEI_028_birdGrid,brd,decommissioned,2016-01-01,2017-12-31
unitedStates,WI,Price,Great Lakes,D05,Steigerwaldt-Chequamegon NEON,STEI,distributed,birdGrid,ninePoints,STEI_034,250000,500m x 500m,B2,45.79177,-90.103914,WGS84,16N,258759.91,5075598.323,0.32,522.73,0.51,515.78,526.8,1.68,7.97,woodyWetlands,Alfisols,GeoXH 6000,2015-05-27,346,5.1,2.5,STEI_034_birdGrid,brd,decommissioned,2016-01-01,2017-12-31
unitedStates,WI,Price,Great Lakes,D05,Steigerwaldt-Chequamegon NEON,STEI,distributed,birdGrid,ninePoints,STEI_035,250000,500m x 500m,B2,45.80711,-90.049916,WGS84,16N,263021.711,5077140.877,0.34,489.9,0.42,487.51,490.47,0.24,54.08,mixedForest,Spodosols,Geo 7X (H-Star),2015-05-28,302,5.1,3.4,STEI_035_birdGrid,brd,decommissioned,2016-01-01,2017-12-31
unitedStates,CO,Logan,Central Plains,D10,North Sterling NEON,STER,distributed,basePlot,,STER_003,1600,40m x 40m,41,40.465235,-103.032104,WGS84,13N,666838.701,4481255.637,NA,1362.15,NA,1360.9,1362.99,2.17,68.76,cultivatedCrops,Mollisols,GIS,NA,NA,NA,NA,STER_003_basePlot,bgc|brd,decommissioned,2013-01-01,2014-12-31
unitedStates,CO,Logan,Central Plains,D10,North Sterling NEON,STER,distributed,basePlot,,STER_004,1600,40m x 40m,41,40.463078,-103.03289,WGS84,13N,666777.417,4481014.772,NA,1362.29,NA,1360.8,1363.21,2.86,317.37,cultivatedCrops,Mollisols,GIS,NA,NA,NA,NA,STER_004_basePlot,bgc|brd,decommissioned,2013-01-01,2014-12-31
unitedStates,AL,Hale,Ozarks Complex,D08,Talladega National Forest NEON,TALL,distributed,birdGrid,ninePoints,TALL_015,250000,500m x 500m,B2,32.917541,-87.438016,WGS84,16N,459044.172,3642230.713,0.18,112.96,0.25,92.16,137.39,11.12,167.91,deciduousForest,Entisols,GeoXH 6000,2014-05-01,334,15.7,15.1,TALL_015_birdGrid,brd,decommissioned,2015-01-01,2017-12-31
unitedStates,AL,Bibb,Ozarks Complex,D08,Talladega National Forest NEON,TALL,distributed,birdGrid,ninePoints,TALL_018,250000,500m x 500m,B2,32.915565,-87.387862,WGS84,16N,463732.916,3641993.272,0.24,131.73,0.46,104.02,147.02,9.12,155.92,evergreenForest,Entisols,GeoXH 6000,2014-04-30,359,4.8,2.1,TALL_018_birdGrid,brd,decommissioned,2015-01-01,2017-12-31
unitedStates,AL,Bibb,Ozarks Complex,D08,Talladega National Forest NEON,TALL,distributed,basePlot,,TALL_019,1600,40m x 40m,41,32.91834047,-87.44619783,WGS84,16N,458279.53,3642322.504,0.16,127.353,0.21,126.519791,130.796066,8.505333,152.208099,mixedForest,Entisols,GeoXH 6000,2014-10-07,312,6.6,2.2,TALL_019_basePlot,div|hbp,decommissioned,2014-01-01,2014-12-31
unitedStates,AL,Bibb,Ozarks Complex,D08,Talladega National Forest NEON,TALL,distributed,birdGrid,ninePoints,TALL_019,250000,500m x 500m,B2,32.91668328,-87.4460428,WGS84,16N,458293.248,3642138.727,0.18,111.444,0.14,101.4392216,146.365827,NA,NA,mixedForest,,GeoXH 6000,NA,NA,NA,NA,TALL_019_birdGrid,brd,decommissioned,2015-01-01,2016-12-31
unitedStates,AL,Bibb,Ozarks Complex,D08,Talladega National Forest NEON,TALL,distributed,birdGrid,ninePoints,TALL_025,250000,500m x 500m,B2,32.899062,-87.394814,WGS84,16N,463076.075,3640166.185,0.17,133.26,0.19,112.02,133.26,3.13,343.18,mixedForest,Ultisols,GeoXH 6000,2014-05-05,338,22,11,TALL_025_birdGrid,brd,decommissioned,2015-01-01,2017-12-31
unitedStates,AL,Hale,Ozarks Complex,D08,Talladega National Forest NEON,TALL,distributed,birdGrid,ninePoints,TALL_027,250000,500m x 500m,B2,32.890934,-87.432699,WGS84,16N,459529.212,3639278.927,0.1,115.43,0.1,81.25,126.78,9.72,87.52,deciduousForest,Ultisols,GeoXH 6000,2014-04-30,321,1.9,0.9,TALL_027_birdGrid,brd,decommissioned,2015-01-01,2017-12-31
unitedStates,AL,Hale,Ozarks Complex,D08,Talladega National Forest NEON,TALL,distributed,birdGrid,ninePoints,TALL_029,250000,500m x 500m,B2,32.902373,-87.431242,WGS84,16N,459670.728,3640546.577,0.1,123.46,0.1,84.58,132.23,10.88,185.53,mixedForest,Ultisols,GeoXH 6000,2015-05-06,551,1.4,0.7,TALL_029_birdGrid,brd,decommissioned,2017-01-01,2017-12-31
unitedStates,CA,Fresno,Pacific Southwest,D17,Lower Teakettle NEON,TEAK,distributed,birdGrid,ninePoints,TEAK_025,250000,500m x 500m,B2,36.989342,-119.022824,WGS84,11N,319981.497,4095602.515,0.09,2301.55,0.1,2228.05,2326.43,7.97,120.38,shrubScrub,Entisols,Geo 7X (H-Star),2015-06-15,442,1.3,0.8,TEAK_025_birdGrid,brd,decommissioned,2017-01-01,2017-12-31
unitedStates,CA,Fresno,Pacific Southwest,D17,Lower Teakettle NEON,TEAK,distributed,birdGrid,ninePoints,TEAK_026,250000,500m x 500m,B2,37.034975,-119.027895,WGS84,11N,319638.124,4100675.205,0.24,2505,0.65,2399.92,2566.48,14.37,158.03,shrubScrub,Entisols,Geo 7X (H-Star),2015-06-09,400,1.8,1,TEAK_026_birdGrid,brd,decommissioned,2017-01-01,2017-12-31
unitedStates,KS,Douglas,Prairie Peninsula,D06,KU Field Station NEON,UKFS,tower,phenology,primary,UKFS_062,40000,200m x 200m,C,39.038574,-95.188624,WGS84,15N,310576.523,4323336.5,NA,316,NA,284.83,318.08,9.7,143.74,,Mollisols,GIS,NA,NA,NA,NA,UKFS_062_phenology,phe,decommissioned,2015-01-01,2015-12-31
unitedStates,MI,Gogebic,Great Lakes,D05,University of Notre Dame Environmental Research Center NEON,UNDE,distributed,tickPlot,,UNDE_003,1600,40m x 40m,41,46.257317,-89.534895,WGS84,16N,304631.822,5125761.077,0.1,501.9,0.11,501.77,509.37,2.33,22.38,woodyWetlands,Histosols,GeoXH 6000,2013-09-21,300,2.8,1.4,UNDE_003_tickPlot,tck,decommissioned,2014-01-01,2015-12-31
unitedStates,WI,Vilas,Great Lakes,D05,University of Notre Dame Environmental Research Center NEON,UNDE,distributed,mammalGrid,diversity,UNDE_020,8100,90m x 90m,E5,46.206881,-89.483602,WGS84,16N,308409.419,5120032.091,0.1,503.98,0.11,503.98,509.84,1.08,311.55,woodyWetlands,Spodosols,GeoXH 6000,2014-05-29,477,2.3,1.1,UNDE_020_mammalGrid,mam,decommissioned,2014-01-01,2014-12-31
unitedStates,MI,Gogebic,Great Lakes,D05,University of Notre Dame Environmental Research Center NEON,UNDE,distributed,basePlot,,UNDE_032,1600,40m x 40m,41,46.242971,-89.538204,WGS84,16N,304325.717,5124175.366,0.11,506.68,0.12,505.73,511.43,2.52,4,mixedForest,Spodosols,GeoXH 6000,2013-09-15,338,2.7,1.3,UNDE_032_basePlot,bgc|cdw|div,decommissioned,2014-01-01,2015-12-31
unitedStates,MI,Gogebic,Great Lakes,D05,University of Notre Dame Environmental Research Center NEON,UNDE,distributed,birdGrid,ninePoints,UNDE_034,250000,500m x 500m,B2,46.248206,-89.520872,WGS84,16N,305680.308,5124714.28,0.14,516.64,0.18,505.67,518.52,1.02,134.45,mixedForest,Spodosols,GeoXH 6000,2013-09-22,139,4.2,2.2,UNDE_034_birdGrid,brd,decommissioned,2016-01-01,2017-12-31
unitedStates,WI,Vilas,Great Lakes,D05,University of Notre Dame Environmental Research Center NEON,UNDE,distributed,birdGrid,ninePoints,UNDE_035,250000,500m x 500m,B2,46.216746,-89.510321,WGS84,16N,306382.953,5121193.069,0.23,518.33,0.24,504.38,518.33,3.69,263.08,mixedForest,Spodosols,Geo 7X (H-Star),2014-10-07,304,6.3,4,UNDE_035_birdGrid,brd,decommissioned,2016-01-01,2019-12-31
unitedStates,MI,Gogebic,Great Lakes,D05,University of Notre Dame Environmental Research Center NEON,UNDE,tower,basePlot,,UNDE_053,1600,40m x 40m,41,46.230392,-89.534098,WGS84,16N,304597.567,5122767.622,0.18,515.01,0.29,508.28,518.84,7.13,116.5,mixedForest,Inceptisols,GeoXH 6000,2013-09-20,129,5.8,1.6,UNDE_053_basePlot,cdw|hbp,decommissioned,2014-01-01,2015-12-31
unitedStates,MI,Gogebic,Great Lakes,D05,University of Notre Dame Environmental Research Center NEON,UNDE,distributed,mosquitoPoint,,UNDE_069,0,0m,41,46.252051,-89.495032,WGS84,16N,307685.587,-89.495032,0.21,524.44,0.23,524.44,524.44,6.5,24.38,deciduousForest,Spodosols,GeoXH 6000,NA,313,3.5,2.6,UNDE_069_mosquitoPoint,mos,decommissioned,2014-01-01,2014-12-31
unitedStates,ND,Stutsman,Northern Plains,D09,Chase Lake National Wildlife Refuge NEON,WOOD,distributed,mammalGrid,diversity,WOOD_001,8100,90m x 90m,E5,47.12949,-99.25848,WGS84,14N,480396.7,5219587,0.14,595.66,0.26,595.66,601.24,3.08,16.67,grasslandHerbaceous,,GeoXH 6000,2014-05-14,201,1.7,0.8,WOOD_001_mammalGrid,mam,decommissioned,2014-01-01,2016-12-31
unitedStates,ND,Stutsman,Northern Plains,D09,Chase Lake National Wildlife Refuge NEON,WOOD,distributed,mammalGrid,diversity,WOOD_006,8100,90m x 90m,E5,47.14358,-99.247798,WGS84,14N,481211.537,5221149.64,0.15,591.71,0.21,590.03,592.66,0.2,14.08,grasslandHerbaceous,Mollisols,GeoXH 6000,2014-05-13,202,1.4,0.8,WOOD_006_mammalGrid,mam,decommissioned,2014-01-01,2016-12-31
unitedStates,ND,Stutsman,Northern Plains,D09,Chase Lake National Wildlife Refuge NEON,WOOD,distributed,mammalGrid,diversity,WOOD_011,8100,90m x 90m,E5,47.128426,-99.264206,WGS84,14N,479961.791,5219469.635,0.18,600.11,0.34,599.71,605.84,2.69,160.18,grasslandHerbaceous,Mollisols,GeoXH 6000,2014-05-13,183,1.7,0.8,WOOD_011_mammalGrid,mam,decommissioned,2014-01-01,2016-12-31
unitedStates,ND,Stutsman,Northern Plains,D09,Chase Lake National Wildlife Refuge NEON,WOOD,distributed,mammalGrid,diversity,WOOD_013,8100,90m x 90m,E5,47.13897,-99.23014,WGS84,14N,482549.1,5220633,0.1,581.71,0.25,577.38,583.84,2.29,132.19,grasslandHerbaceous,,GeoXH 6000,2014-05-13,208,1.7,0.9,WOOD_013_mammalGrid,mam,decommissioned,2014-01-01,2016-12-31
unitedStates,ND,Stutsman,Northern Plains,D09,Chase Lake National Wildlife Refuge NEON,WOOD,distributed,mammalGrid,diversity,WOOD_015,8100,90m x 90m,E5,47.15096,-99.23311,WGS84,14N,482327.3,5221966,0.17,593.33,0.19,593.03,595.42,0.21,134.73,grasslandHerbaceous,,GeoXH 6000,2014-05-14,205,1.5,0.8,WOOD_015_mammalGrid,mam,decommissioned,2014-01-01,2016-12-31
unitedStates,WY,Park,Northern Rockies,D12,Yellowstone National Park NEON,YELL,distributed,basePlot,,YELL_001,1600,40m x 40m,41,44.917485,-110.410361,WGS84,12N,546539.224,4973953.188,0.1,1902.9,0.1,1902.52,1903.61,1.15,120,shrubScrub,,GeoXH 6000,2017-05-04,147,4.6,2.1,YELL_001_basePlot,all|bgc|cdw|div|hbp|vst,decommissioned,2018-01-01,2020-12-31
unitedStates,WY,Park,Northern Rockies,D12,Yellowstone National Park NEON,YELL,distributed,tickPlot,,YELL_001,1600,40m x 40m,41,44.91684,-110.412018,WGS84,12N,546408.97,4973880.566,0.1,1904.84,0.1,1904.57,1905.47,1.95,17.25,shrubScrub,,Geo 7X (H-Star),2018-04-19,102,2.1,1.2,YELL_001_tickPlot,tck,decommissioned,2018-01-01,2020-12-31
unitedStates,WY,Park,Northern Rockies,D12,Yellowstone National Park NEON,YELL,distributed,mammalGrid,diversity,YELL_001,8100,90m x 90m,E5,44.918169,-110.408714,WGS84,12N,546668.681,4974030.069,0.1,1904.11,0.11,1893.65,1904.11,4.9,358.29,shrubScrub,,Geo 7X (H-Star),2018-05-22,344,1.8,1,YELL_001_mammalGrid,mam,decommissioned,2018-01-01,2019-12-31
unitedStates,WY,Park,Northern Rockies,D12,Yellowstone National Park NEON,YELL,distributed,mosquitoPoint,,YELL_034,0,0m,41,44.949161,-110.613138,WGS84,12N,530517.58,4977375.65,10.1,2023.07,0.1,2023.07,2023.07,4.76,287.45,shrubScrub,,GeoXH 6000,2017-05-31,125,1.9,1,YELL_034_mosquitoPoint,mos,decommissioned,2018-01-01,2018-12-31
unitedStates,WY,Park,Northern Rockies,D12,Yellowstone National Park NEON,YELL,distributed,mosquitoPoint,,YELL_035,0,0m,41,44.948632,-110.468584,WGS84,12N,541921.098,4977381.463,10.16,2025.22,0.18,2025.22,2025.22,11.12,27.25,evergreenForest,,GeoXH 6000,2017-05-31,313,3,1.3,YELL_035_mosquitoPoint,mos,decommissioned,2018-01-01,2018-12-31
unitedStates,WY,Park,Northern Rockies,D12,Yellowstone National Park NEON,YELL,distributed,mosquitoPoint,,YELL_036,0,0m,41,44.939743,-110.446057,WGS84,12N,543704.935,4976405.883,10.25,2017.81,0.22,2017.81,2017.81,3.45,199.7,shrubScrub,,GeoXH 6000,2017-06-01,151,1.5,0.8,YELL_036_mosquitoPoint,mos,decommissioned,2018-01-01,2018-12-31
unitedStates,WY,Park,Northern Rockies,D12,Yellowstone National Park NEON,YELL,distributed,mosquitoPoint,,YELL_038,0,0m,41,44.960841,-110.561262,WGS84,12N,534602.794,4978693.997,10.1,2107.39,0.1,2107.39,2107.39,3.81,129.05,grasslandHerbaceous,,Geo 7X (H-Star),2017-06-14,154,1.4,0.8,YELL_038_mosquitoPoint,mos,decommissioned,2018-01-01,2018-12-31
unitedStates,WY,Park,Northern Rockies,D12,Yellowstone National Park NEON,YELL,distributed,mosquitoPoint,,YELL_039,0,0m,41,44.919708,-110.423645,WGS84,12N,545488.968,4974192.644,10.25,1928.68,0.24,1928.68,1928.68,3.18,131.32,shrubScrub,,GeoXH 6000,2017-06-01,156,1.7,0.9,YELL_039_mosquitoPoint,mos,decommissioned,2018-01-01,2018-12-31
unitedStates,WY,Park,Northern Rockies,D12,Yellowstone National Park NEON,YELL,distributed,mosquitoPoint,,YELL_040,0,0m,41,44.952065,-110.606115,WGS84,12N,531070.063,4977700.959,10.1,2025.52,0.1,2025.52,2025.52,6.44,333.65,shrubScrub,,GeoXH 6000,2017-05-31,127,1.9,1,YELL_040_mosquitoPoint,mos,decommissioned,2018-01-01,2018-12-31
unitedStates,WY,Park,Northern Rockies,D12,Yellowstone National Park NEON,YELL,distributed,mosquitoPoint,,YELL_042,0,0m,41,44.907975,-110.401711,WGS84,12N,547229.731,4972901.786,10.61,1948.41,0.8,1948.41,1948.41,5.23,42.82,evergreenForest,,GeoXH 6000,2017-06-01,151,3.5,1.9,YELL_042_mosquitoPoint,mos,decommissioned,2018-01-01,2018-12-31
unitedStates,MA,Worcester,Northeast,D01,Harvard Forest & Quabbin Watershed NEON,HARV,distributed,tickPlot,,HARV_025,1600,40m x 40m,41,42.474085,-72.274253,WGS84,18N,724064.1118,4706015.995,NA,181,NA,NA,NA,NA,NA,mixedForest,,GIS,NA,NA,NA,NA,HARV_025_tickPlot,tck,decommissioned,2014-05-07,2014-05-07
unitedStates,TN,Anderson,Appalachians & Cumberland Plateau,D07,Oak Ridge NEON,ORNL,distributed,tickPlot,,ORNL_006,1600,40m x 40m,41,35.938201,-84.322185,WGS84,16N,741560.8324,3980408.577,NA,286,NA,NA,NA,NA,NA,deciduousForest,,GIS,NA,NA,NA,NA,ORNL_006_tickPlot,tck,decommissioned,2014-05-12,2014-06-27
unitedStates,MI,Gogebic,Great Lakes,D05,University of Notre Dame Environmental Research Center NEON,UNDE,distributed,tickPlot,,UNDE_062,1600,40m x 40m,41,46.2469,-89.505394,WGS84,16N,306869,5124531,NA,518,NA,NA,NA,NA,NA,,,GIS,NA,NA,NA,NA,UNDE_062_tickPlot,tck,decommissioned,2014-06-04,2014-06-04
unitedStates,VA,Warren,Mid-Atlantic,D02,Smithsonian Conservation Biology Institute NEON,SCBI,distributed,tickPlot,,SCBI_012,1600,40m x 40m,41,38.8889152,-78.167196,WGS84,17N,745701.9548,4308264.551,NA,241,NA,NA,NA,NA,NA,pastureHay,,GIS,NA,NA,NA,NA,SCBI_012_tickPlot,tck,decommissioned,2014-06-09,2014-06-09
unitedStates,CO,Logan,Central Plains,D10,North Sterling NEON,STER,distributed,tickPlot,,STER_025,1600,40m x 40m,41,40.46565,-103.03283,WGS84,13N,666776,4481300,NA,1368,NA,NA,NA,NA,NA,cultivatedCrops,,GIS,NA,NA,NA,NA,STER_025_tickPlot,tck,decommissioned,2014-04-08,2014-09-26
