uid,namedLocation,date,nonwoodyCollectDate,domainID,siteID,plotID,plotType,nlcdClass,decimalLatitude,decimalLongitude,geodeticDatum,coordinateUncertainty,easting,northing,utmZone,elevation,elevationUncertainty,samplingImpractical,eventID,eventType,dataCollected,subplotsSampled,samplingProtocolVersion,targetTaxaPresent,woodyTargetTaxaPresent,nonWoodyTargetTaxaPresent,treesPresent,shrubsPresent,lianasPresent,cactiPresent,fernsPresent,yuccasPresent,palmsPresent,ocotillosPresent,xerophyllumPresent,nestedSubplotAreaShrubSapling,nestedSubplotAreaLiana,nestedSubplotAreaOther,totalSampledAreaTrees,totalSampledAreaShrubSapling,totalSampledAreaLiana,totalSampledAreaOther,remarks,measuredBy,recordedBy,dataQF,publicationDate,release
5dd63149-5721-4f21-a64e-49e7e35db346,HARV_013.basePlot.vst,2014-01-13,,D01,HARV,HARV_013,distributed,evergreenForest,42.392282,-72.254598,WGS84,20.2,725973.86,4696983.89,18N,184.6,0.2,,vst_HARV_2014,,,,NEON.DOC.000987vD,,,,,,,,,,,,,1,noneSelected,noneSelected,400,8,400,400,QC: No Errors,D01KMG16,,legacyData,20230109T192117Z,RELEASE-2023
618075a2-70c2-42eb-8657-a19b0bf61204,HARV_022.basePlot.vst,2014-02-07,,D01,HARV,HARV_022,distributed,evergreenForest,42.434188,-72.198776,WGS84,20.2,730415.32,4701787.58,18N,193.5,0.3,,vst_HARV_2014,,,,NEON.DOC.000987vD,,,,,,,,,,,,,noneSelected,noneSelected,noneSelected,400,400,400,400,QC: No Error,D01DRC25,,legacyData,20230109T191721Z,RELEASE-2023
77aef487-0da2-4bf0-a18c-e38e0c8bff71,HARV_008.basePlot.vst,2014-05-27,,D01,HARV,HARV_008,distributed,deciduousForest,42.444557,-72.226082,WGS84,20.2,728131.45,4702865.25,18N,242.2,0.2,,vst_HARV_2014,,,,NEON.DOC.000987vD,,,,,,,,,,,,,10,noneSelected,10,400,80,400,80,,D01LEL27,,legacyData,20230109T191630Z,RELEASE-2023
f8cef9cf-bf5b-4d2b-9e75-456ec8527bf4,HARV_004.basePlot.vst,2014-07-25,,D01,HARV,HARV_004,distributed,mixedForest,42.427091,-72.229737,WGS84,20.2,727894.17,4700915.85,18N,199.7,0.2,,vst_HARV_2014,,,,NEON.DOC.000987vD,,,,,,,,,,,,,noneSelected,noneSelected,10,400,400,400,80,"",D01LEL27,,legacyData,20230109T190746Z,RELEASE-2023
a4144e6d-0e03-4d4b-bc3c-05d032972fb5,HARV_024.basePlot.vst,2014-07-29,,D01,HARV,HARV_024,distributed,woodyWetlands,42.460002,-72.250871,WGS84,20.1,726037.03,4704514.04,18N,175,0.1,,vst_HARV_2014,,,,NEON.DOC.000987vD,,,,,,,,,,,,,unknown,unknown,unknown,400,,,,"","",,legacyData,20230109T190746Z,RELEASE-2023
633e7e7e-79c3-49ea-ab05-5e42ecf4648a,HARV_006.basePlot.vst,2014-07-30,,D01,HARV,HARV_006,distributed,deciduousForest,42.403087,-72.25372,WGS84,20.1,726007.33,4698186.1,18N,188.8,0.1,,vst_HARV_2014,,,,NEON.DOC.000987vD,,,,,,,,,,,,,noneSelected,noneSelected,noneSelected,400,400,400,400,"",D01DRC25,,legacyData,20230109T190746Z,RELEASE-2023
73781ebf-2ca2-4208-84cf-7c239772f719,HARV_001.basePlot.vst,2014-07-30,,D01,HARV,HARV_001,distributed,deciduousForest,42.424246,-72.258285,WGS84,20.1,725555.73,4700523.64,18N,190,0.2,,vst_HARV_2014,,,,NEON.DOC.000987vD,,,,,,,,,,,,,noneSelected,noneSelected,10,400,400,400,80,"",D01JLU02,,legacyData,20230109T190746Z,RELEASE-2023
9692e2e0-c561-4eee-ab6b-98e56e94e871,HARV_010.basePlot.vst,2014-07-30,,D01,HARV,HARV_010,distributed,mixedForest,42.424723,-72.254599,WGS84,20.1,725857.27,4700586.41,18N,206.9,0.1,,vst_HARV_2014,,,,NEON.DOC.000987vD,,,,,,,,,,,,,noneSelected,noneSelected,noneSelected,400,400,400,400,"",D01JLU02,,legacyData,20230109T190746Z,RELEASE-2023
a33417fb-60a8-429a-85e1-35f752ef56df,HARV_005.basePlot.vst,2014-07-31,,D01,HARV,HARV_005,distributed,deciduousForest,42.489469,-72.275158,WGS84,20.1,723934.82,4707721.88,18N,189.8,0.3,,vst_HARV_2014,,,,NEON.DOC.000987vD,,,,,,,,,,,,,unknown,unknown,unknown,400,,,,nested subplot sizes not recorded at time of measurement.,"",,legacyData,20230109T190746Z,RELEASE-2023
965f577e-b80a-4de9-a9ca-ae4e3fbc3ebe,HARV_027.basePlot.vst,2014-07-31,,D01,HARV,HARV_027,distributed,evergreenForest,42.43035,-72.253258,WGS84,20.1,725947.38,4701214.85,18N,183.1,0.2,,vst_HARV_2014,,,,NEON.DOC.000987vD,,,,,,,,,,,,,noneSelected,noneSelected,noneSelected,400,400,400,400,"",D01JRS08,,legacyData,20230109T190746Z,RELEASE-2023
982b8195-4746-4fb3-a876-ea3505ebc498,HARV_043.basePlot.vst,2014-08-01,,D01,HARV,HARV_043,tower,evergreenForest,42.541027,-72.176583,WGS84,20.1,731845.73,4713712.6,18N,354.4,0.2,,vst_HARV_2014,,,,NEON.DOC.000987vD,,,,,,,,,,,,,noneSelected,noneSelected,noneSelected,800,800,800,800,"",D01JRS08,,legacyData,20230109T190357Z,RELEASE-2023
01c64414-610d-444a-a8eb-a2fa61b3ec22,HARV_035.basePlot.vst,2014-08-01,,D01,HARV,HARV_035,tower,evergreenForest,42.539966,-72.178072,WGS84,20.2,731727.38,4713590.7,18N,365.8,0.3,,vst_HARV_2014,,,,NEON.DOC.000987vD,,,,,,,,,,,,,noneSelected,noneSelected,noneSelected,800,800,800,800,"",D01GMV31,,legacyData,20230109T190357Z,RELEASE-2023
e0e1a16e-48da-47f6-98c5-8cf8837c2db3,HARV_020.basePlot.vst,2014-08-04,,D01,HARV,HARV_020,distributed,woodyWetlands,42.436767,-72.228878,WGS84,20.2,727929.75,4701992.66,18N,225.4,0.3,,vst_HARV_2014,,,,NEON.DOC.000987vD,,,,,,,,,,,,,noneSelected,noneSelected,1,400,400,400,8,QC: NO ERRORS,D01EJH18,,legacyData,20230109T190357Z,RELEASE-2023
a9a16888-e773-4d43-8d8b-9c8c4c1c86bc,HARV_037.basePlot.vst,2014-08-04,,D01,HARV,HARV_037,tower,evergreenForest,42.537308,-72.179312,WGS84,20.1,731635.38,4713292.13,18N,361.9,0.2,,vst_HARV_2014,,,,NEON.DOC.000987vD,,,,,,,,,,,,,noneSelected,noneSelected,noneSelected,800,800,800,800,"",D01SN112,,legacyData,20230109T190357Z,RELEASE-2023
b0042f28-4bd0-45ed-aaf2-0210d5831e85,HARV_023.basePlot.vst,2014-08-04,,D01,HARV,HARV_023,distributed,evergreenForest,42.414314,-72.226622,WGS84,20.2,728196.81,4699505.34,18N,170.4,0.2,,vst_HARV_2014,,,,NEON.DOC.000987vD,,,,,,,,,,,,,10,noneSelected,noneSelected,400,80,400,400,QC: NO ERRORS,D01EJH18,,legacyData,20230109T190357Z,RELEASE-2023
a289669b-4c94-4b4c-8924-1358eda759c2,HARV_014.basePlot.vst,2014-08-05,,D01,HARV,HARV_014,distributed,mixedForest,42.471449,-72.265709,WGS84,20.1,724775.96,4705745.78,18N,199.4,0.2,,vst_HARV_2014,,,,NEON.DOC.000987vD,,,,,,,,,,,,,10,noneSelected,noneSelected,400,80,400,400,QC: NO ERRORS,D01DRC25,,legacyData,20230109T190357Z,RELEASE-2023
cfe8364b-8260-40a7-a652-b153575dd857,HARV_011.basePlot.vst,2014-08-06,,D01,HARV,HARV_011,distributed,deciduousForest,42.455924,-72.238278,WGS84,20.3,727087.27,4704094.82,18N,231.5,0.4,,vst_HARV_2014,,,,NEON.DOC.000987vD,,,,,,,,,,,,,noneSelected,noneSelected,noneSelected,400,400,400,400,"",D01SNI12,,legacyData,20230109T190357Z,RELEASE-2023
34fadbcb-c4f2-4021-9269-760ef04e123c,HARV_025.basePlot.vst,2014-08-06,,D01,HARV,HARV_025,distributed,mixedForest,42.475428,-72.273927,WGS84,20.2,724086.14,4706165.89,18N,179.6,0.5,,vst_HARV_2014,,,,NEON.DOC.000987vD,,,,,,,,,,,,,noneSelected,noneSelected,noneSelected,400,400,400,400,"",D01KAK22,,legacyData,20230109T190357Z,RELEASE-2023
bbeedb62-f18b-4d0f-850f-b4468183951d,HARV_002.basePlot.vst,2014-08-07,,D01,HARV,HARV_002,distributed,deciduousForest,42.478565,-72.259572,WGS84,20.1,725254.96,4706552.29,18N,193.6,0.1,,vst_HARV_2014,,,,NEON.DOC.000987vD,,,,,,,,,,,,,noneSelected,noneSelected,noneSelected,400,400,400,400,trees mapped with compass so accuracy to nearest degree QC: no error EM,D01CEG10,,legacyData,20230109T190357Z,RELEASE-2023
0fb923fd-2320-4398-bb18-d07888bcbb90,HARV_012.basePlot.vst,2014-08-07,,D01,HARV,HARV_012,distributed,deciduousForest,42.429486,-72.239802,WGS84,20.2,727057.47,4701154.83,18N,233.3,0.2,,vst_HARV_2014,,,,NEON.DOC.000987vD,,,,,,,,,,,,,10,noneSelected,noneSelected,400,80,400,400,QC: NO ERRORS,D01KAK22,,legacyData,20230109T190357Z,RELEASE-2023
04ee76ca-25e0-4854-896f-5aacd7990e60,HARV_026.basePlot.vst,2014-08-08,,D01,HARV,HARV_026,distributed,evergreenForest,42.410762,-72.247271,WGS84,20.1,726510.45,4699055.59,18N,194.3,0.2,,vst_HARV_2014,,,,NEON.DOC.000987vD,,,,,,,,,,,,,10,noneSelected,noneSelected,400,80,400,400,QC: NO ERRORS,D01BAC30,,legacyData,20230109T190357Z,RELEASE-2023
710795e0-2154-439c-93fe-ceaa9bfd935a,HARV_016.basePlot.vst,2014-08-11,,D01,HARV,HARV_016,distributed,woodyWetlands,42.45847,-72.231992,WGS84,20.1,727594.95,4704394.4,18N,232.2,0.3,,vst_HARV_2014,,,,NEON.DOC.000987vD,,,,,,,,,,,,,10,noneSelected,noneSelected,400,80,400,400,"",D01CEG10,,legacyData,20230109T190357Z,RELEASE-2023
2df24325-6f11-431a-b737-49627dcc9b3a,HARV_039.basePlot.vst,2014-08-12,,D01,HARV,HARV_039,tower,mixedForest,42.533247,-72.17769,WGS84,20.2,731783.62,4712845.59,18N,373.2,0.2,,vst_HARV_2014,,,,NEON.DOC.000987vD,,,,,,,,,,,,,noneSelected,noneSelected,noneSelected,800,800,800,800,"",D01LEL27,,legacyData,20230109T190357Z,RELEASE-2023
f58b25a2-6e3b-41d8-9bc1-f43e87a53c26,HARV_021.basePlot.vst,2014-08-12,,D01,HARV,HARV_021,distributed,evergreenForest,42.45243,-72.250472,WGS84,20.1,726097.1,4703674.24,18N,175.1,0.1,,vst_HARV_2014,,,,NEON.DOC.000987vD,,,,,,,,,,,,,10,noneSelected,noneSelected,400,80,400,400,QC: NO ERRORS,D01KAK22,,legacyData,20230109T190357Z,RELEASE-2023
3df61f45-822a-48cb-8601-4cada1bfe8ec,HARV_045.basePlot.vst,2014-08-14,,D01,HARV,HARV_045,tower,deciduousForest,42.542078,-72.1713,WGS84,20.1,732275.68,4713843.79,18N,370,0.1,,vst_HARV_2014,,,,NEON.DOC.000987vD,,,,,,,,,,,,,noneSelected,noneSelected,noneSelected,800,800,800,800,QC: NO ERRORS,D01CEG10,,legacyData,20230109T190357Z,RELEASE-2023
a2fece9b-0e83-4ee6-8e90-b5c263a06c9c,HARV_035.basePlot.vst,2015-07-27,,D01,HARV,HARV_035,tower,evergreenForest,42.539966,-72.178072,WGS84,20.2,731727.38,4713590.7,18N,365.8,0.3,,vst_HARV_2015,,,,NEON.DOC.000987vD,,,,,,,,,,,,,noneSelected,noneSelected,noneSelected,800,800,800,800,,gbreault@field-ops.org,auccello@field-ops.org,legacyData,20230109T192410Z,RELEASE-2023
67f44efa-9f3b-4475-b5be-33aa61c775b6,HARV_006.basePlot.vst,2015-08-27,,D01,HARV,HARV_006,distributed,deciduousForest,42.403087,-72.25372,WGS84,20.1,726007.33,4698186.1,18N,188.8,0.1,,vst_HARV_2015,,,,NEON.DOC.000987vD,,,,,,,,,,,,,noneSelected,noneSelected,noneSelected,400,400,400,400,,sives@field-ops.org,nhall@field-ops.org,legacyData,20230109T191419Z,RELEASE-2023
eef05021-913f-49f0-b536-39a07c473ee2,HARV_004.basePlot.vst,2015-08-27,,D01,HARV,HARV_004,distributed,mixedForest,42.427091,-72.229737,WGS84,20.2,727894.17,4700915.85,18N,199.7,0.2,,vst_HARV_2015,,,,NEON.DOC.000987vD,,,,,,,,,,,,,10,noneSelected,noneSelected,400,80,400,400,,sives@field-ops.org,nhall@field-ops.org,legacyData,20230109T191419Z,RELEASE-2023
700748f3-6aa5-4ebf-8457-f3b7f08c6b37,HARV_027.basePlot.vst,2015-09-16,,D01,HARV,HARV_027,distributed,evergreenForest,42.43035,-72.253258,WGS84,20.1,725947.38,4701214.85,18N,183.1,0.2,,vst_HARV_2015,,,,NEON.DOC.000987vD,,,,,,,,,,,,,noneSelected,noneSelected,noneSelected,400,400,400,400,o transcription errors,dcrandall@neoninc.org,llukas@neoninc.org,legacyData,20230109T192829Z,RELEASE-2023
31c978c6-3029-4b9a-b033-ca15eb043ef8,HARV_008.basePlot.vst,2015-09-17,,D01,HARV,HARV_008,distributed,deciduousForest,42.444557,-72.226082,WGS84,20.2,728131.45,4702865.25,18N,242.2,0.2,,vst_HARV_2015,,,,NEON.DOC.000987vD,,,,,,,,,,,,,10,noneSelected,noneSelected,400,80,400,400,no transcription errors found,sives@field-ops.org,llukas@field-ops.org,legacyData,20230109T192829Z,RELEASE-2023
bc177981-3d28-4d60-9893-bdfcb35a7de7,HARV_013.basePlot.vst,2015-09-21,,D01,HARV,HARV_013,distributed,evergreenForest,42.392282,-72.254598,WGS84,20.2,725973.86,4696983.89,18N,184.6,0.2,,vst_HARV_2015,,,,NEON.DOC.000987vD,,,,,,,,,,,,,noneSelected,noneSelected,1,400,400,400,8,"",dcrandall@neoninc.org,auccello@field-ops.org,legacyData,20230109T192829Z,RELEASE-2023
4c1c947f-5059-422b-afe7-80a378c57d7b,HARV_020.basePlot.vst,2015-09-22,,D01,HARV,HARV_020,distributed,woodyWetlands,42.436767,-72.228878,WGS84,20.2,727929.75,4701992.66,18N,225.4,0.3,,vst_HARV_2015,,,,NEON.DOC.000987vD,,,,,,,,,,,,,25,noneSelected,noneSelected,400,200,400,400,"",ccahill@field-ops.org,gbreault@field-ops.org,legacyData,20230109T192829Z,RELEASE-2023
78fba044-c5c6-4cbc-b4c0-9a4d7981a8fa,HARV_011.basePlot.vst,2015-09-22,,D01,HARV,HARV_011,distributed,deciduousForest,42.455924,-72.238278,WGS84,20.3,727087.27,4704094.82,18N,231.5,0.4,,vst_HARV_2015,,,,NEON.DOC.000987vD,,,,,,,,,,,,,10,noneSelected,noneSelected,400,80,400,400,"",ccahill@field-ops.org,ssmith@field-ops.org,legacyData,20230109T192829Z,RELEASE-2023
0b63f0a9-c1dd-4719-8946-fae7c05da863,HARV_026.basePlot.vst,2015-09-22,,D01,HARV,HARV_026,distributed,evergreenForest,42.410762,-72.247271,WGS84,20.1,726510.45,4699055.59,18N,194.3,0.2,,vst_HARV_2015,,,,NEON.DOC.000987vD,,,,,,,,,,,,,10,noneSelected,noneSelected,400,80,400,400,"",dcrandall@neoninc.org,gbreault@field-ops.org,legacyData,20230109T192829Z,RELEASE-2023
6c4aea8b-b8a4-44d3-ba4f-3dc19efc89b7,HARV_012.basePlot.vst,2015-09-22,,D01,HARV,HARV_012,distributed,deciduousForest,42.429486,-72.239802,WGS84,20.2,727057.47,4701154.83,18N,233.3,0.2,,vst_HARV_2015,,,,NEON.DOC.000987vD,,,,,,,,,,,,,10,noneSelected,noneSelected,400,80,400,400,"",gbreault@field-ops.org,ccahill@field-ops.org,legacyData,20230109T192829Z,RELEASE-2023
d4e69dca-2fd6-4867-ac91-be45d938f1c7,HARV_023.basePlot.vst,2015-09-23,,D01,HARV,HARV_023,distributed,evergreenForest,42.414314,-72.226622,WGS84,20.2,728196.81,4699505.34,18N,170.4,0.2,,vst_HARV_2015,,,,NEON.DOC.000987vD,,,,,,,,,,,,,10,noneSelected,noneSelected,400,80,400,400,"",ccahill@field-ops.org,gbreault@field-ops.org,legacyData,20230109T192829Z,RELEASE-2023
dfa3db93-7477-4370-affb-8c77e1905aa4,HARV_022.basePlot.vst,2015-09-24,,D01,HARV,HARV_022,distributed,evergreenForest,42.434188,-72.198776,WGS84,20.2,730415.32,4701787.58,18N,193.5,0.3,,vst_HARV_2015,,,,NEON.DOC.000987vD,,,,,,,,,,,,,25,noneSelected,noneSelected,400,200,400,400,"",dcrandall@neoninc.org,dcrandall@neoninc.org,legacyData,20230109T192829Z,RELEASE-2023
c1ab7969-c6c9-491b-b607-36f10a8fbee3,HARV_002.basePlot.vst,2015-09-28,,D01,HARV,HARV_002,distributed,deciduousForest,42.478565,-72.259572,WGS84,20.1,725254.96,4706552.29,18N,193.6,0.1,,vst_HARV_2015,,,,NEON.DOC.000987vD,,,,,,,,,,,,,10,noneSelected,noneSelected,400,80,400,400,"",dcrandall@neoninc.org,gbreault@field-ops.org,legacyData,20230109T192829Z,RELEASE-2023
925f1e04-55e7-4ae7-b464-ce7130a3aa23,HARV_024.basePlot.vst,2015-09-29,,D01,HARV,HARV_024,distributed,woodyWetlands,42.460002,-72.250871,WGS84,20.1,726037.03,4704514.04,18N,175,0.1,,vst_HARV_2015,,,,NEON.DOC.000987vD,,,,,,,,,,,,,10,noneSelected,noneSelected,400,80,400,400,"",dcrandall@neoninc.org,dcrandall@neoninc.org,legacyData,20230109T192829Z,RELEASE-2023
c8595fc0-780e-401f-84cf-bc500c7ec99b,HARV_014.basePlot.vst,2015-10-01,,D01,HARV,HARV_014,distributed,mixedForest,42.471449,-72.265709,WGS84,20.1,724775.96,4705745.78,18N,199.4,0.2,,vst_HARV_2015,,,,NEON.DOC.000987vD,,,,,,,,,,,,,10,noneSelected,noneSelected,400,80,400,400,"",dcrandall@neoninc.org,gbreault@field-ops.org,legacyData,20230109T190326Z,RELEASE-2023
2e249651-2485-4fe6-bbdb-e8f6dda7632a,HARV_016.basePlot.vst,2015-10-01,,D01,HARV,HARV_016,distributed,woodyWetlands,42.45847,-72.231992,WGS84,20.1,727594.95,4704394.4,18N,232.2,0.3,,vst_HARV_2015,,,,NEON.DOC.000987vD,,,,,,,,,,,,,10,noneSelected,noneSelected,400,80,400,400,"",gbreault@field-ops.org,dcrandall@neoninc.org,legacyData,20230109T190326Z,RELEASE-2023
662a046c-8e49-42ac-9b0a-773dac46d31d,HARV_021.basePlot.vst,2015-10-01,,D01,HARV,HARV_021,distributed,evergreenForest,42.45243,-72.250472,WGS84,20.1,726097.1,4703674.24,18N,175.1,0.1,,vst_HARV_2015,,,,NEON.DOC.000987vD,,,,,,,,,,,,,noneSelected,noneSelected,1,400,400,400,8,"",dcrandall@neoninc.org,auccello@field-ops.org,legacyData,20230109T190326Z,RELEASE-2023
002e055e-6b7c-442c-a785-1d1514e5772b,HARV_043.basePlot.vst,2015-10-02,,D01,HARV,HARV_043,tower,evergreenForest,42.541027,-72.176583,WGS84,20.1,731845.73,4713712.6,18N,354.4,0.2,,vst_HARV_2015,,,,NEON.DOC.000987vD,,,,,,,,,,,,,100,noneSelected,noneSelected,800,400,800,800,"",cgoranson@neoninc.org,gbreault@field-ops.org,legacyData,20230109T190326Z,RELEASE-2023
2d52a380-44d7-48eb-8952-8d84692254ee,HARV_037.basePlot.vst,2015-10-08,,D01,HARV,HARV_037,tower,evergreenForest,42.537308,-72.179312,WGS84,20.1,731635.38,4713292.13,18N,361.9,0.2,,vst_HARV_2015,,,,NEON.DOC.000987vD,,,,,,,,,,,,,10,noneSelected,noneSelected,800,40,800,800,"",dcrandall@neoninc.org,thillman@neoninc.org,legacyData,20230109T190326Z,RELEASE-2023
87f10856-57f3-44a0-aa2f-51d1584c0771,HARV_041.basePlot.vst,2015-10-21,,D01,HARV,HARV_041,tower,evergreenForest,42.536795,-72.180797,WGS84,20.1,731515.32,4713231.1,18N,361.6,0.2,,vst_HARV_2015,,,,NEON.DOC.000987vD,,,,,,,,,,,,,100,noneSelected,noneSelected,800,400,800,800,"",llukas@neoninc.org,thillman@neoninc.org,legacyData,20230109T190326Z,RELEASE-2023
7b4c8e1d-23b8-4055-a67d-2a2686951748,HARV_038.basePlot.vst,2015-10-21,,D01,HARV,HARV_038,tower,mixedForest,42.537334,-72.177877,WGS84,20.2,731753.13,4713298.95,18N,367.4,0.3,,vst_HARV_2015,,,,NEON.DOC.000987vD,,,,,,,,,,,,,100,noneSelected,noneSelected,800,400,800,800,"",thillman@neoninc.org,thillman@neoninc.org,legacyData,20230109T190326Z,RELEASE-2023
e87556ab-7a21-422e-8ccd-d144a43a68ec,HARV_045.basePlot.vst,2015-10-21,,D01,HARV,HARV_045,tower,deciduousForest,42.542078,-72.1713,WGS84,20.1,732275.68,4713843.79,18N,370,0.1,,vst_HARV_2015,,,,NEON.DOC.000987vD,,,,,,,,,,,,,100,noneSelected,noneSelected,800,400,800,800,"",gbreault@field-ops.org,thillman@neoninc.org,legacyData,20230109T190326Z,RELEASE-2023
3df431a2-bee5-4d1c-9b9c-2625c71e6fd1,HARV_036.basePlot.vst,2015-10-22,,D01,HARV,HARV_036,tower,deciduousForest,42.542123,-72.173119,WGS84,20.1,732126.13,4713843.8,18N,368.2,0.2,,vst_HARV_2015,,,,NEON.DOC.000987vD,,,,,,,,,,,,,25,noneSelected,noneSelected,800,100,800,800,no transcription errors found,dcrandall@neoninc.org,llukas@neoninc.org,legacyData,20230109T190326Z,RELEASE-2023
ba6173ec-e586-44ec-904c-c7483d607ed9,HARV_052.basePlot.vst,2015-10-22,,D01,HARV,HARV_052,tower,mixedForest,42.54213,-72.176577,WGS84,20.3,731842.14,4713835.11,18N,358.9,0.3,,vst_HARV_2015,,,,NEON.DOC.000987vD,,,,,,,,,,,,,noneSelected,noneSelected,noneSelected,800,800,800,800,Not enough qualifying trees for nested,dcrandall@neoninc.org,thillman@neoninc.org,legacyData,20230109T190326Z,RELEASE-2023
8fcb8bc4-22c8-4767-b8a5-3551b5358574,HARV_048.basePlot.vst,2015-10-22,,D01,HARV,HARV_048,tower,mixedForest,42.541304,-72.178017,WGS84,20.2,731726.94,4713739.43,18N,360.7,0.3,,vst_HARV_2015,,,,NEON.DOC.000987vD,,,,,,,,,,,,,100,noneSelected,noneSelected,800,400,800,800,no transcription errors found,dcrandall@neoninc.org,dcrandall@neoninc.org,legacyData,20230109T190326Z,RELEASE-2023
140dfba3-6098-4dcb-bd24-22709edf2ac2,HARV_050.basePlot.vst,2015-10-22,,D01,HARV,HARV_050,tower,mixedForest,42.53627,-72.179357,WGS84,20.2,731635.52,4713176.74,18N,368.4,0.4,,vst_HARV_2015,,,,NEON.DOC.000987vD,,,,,,,,,,,,,100,noneSelected,noneSelected,800,400,800,800,"",auccello@field-ops.org,thillman@neoninc.org,legacyData,20230109T190326Z,RELEASE-2023
1bb619d0-f70f-4be0-a403-54c6d3ac4273,HARV_047.basePlot.vst,2015-10-26,,D01,HARV,HARV_047,tower,deciduousForest,42.536689,-72.175706,WGS84,20.2,731933.82,4713233.26,18N,367.3,0.4,,vst_HARV_2015,,,,NEON.DOC.000987vD,,,,,,,,,,,,,25,noneSelected,noneSelected,800,100,800,800,no transcription errors found,dcrandall@neoninc.org,llukas@neoninc.org,legacyData,20230109T190326Z,RELEASE-2023
c4abd818-ddc1-4e4f-9a19-66134af4873d,HARV_049.basePlot.vst,2015-10-26,,D01,HARV,HARV_049,tower,mixedForest,42.535171,-72.179779,WGS84,20.3,731604.93,4713053.54,18N,370,0.3,,vst_HARV_2015,,,,NEON.DOC.000987vD,,,,,,,,,,,,,100,noneSelected,noneSelected,800,400,800,800,no transcription errors found,dcrandall@neoninc.org,llukas@field-ops.org,legacyData,20230109T190326Z,RELEASE-2023
3eb3323c-c53e-4ea6-a82d-c45bfb702d40,HARV_044.basePlot.vst,2015-10-27,,D01,HARV,HARV_044,tower,deciduousForest,42.535376,-72.176486,WGS84,20.1,731874.62,4713085.32,18N,365.8,0.1,,vst_HARV_2015,,,,NEON.DOC.000987vD,,,,,,,,,,,,,25,noneSelected,noneSelected,800,100,800,800,no transcription errors found,gbreault@field-ops.org,llukas@neoninc.org,legacyData,20230109T190326Z,RELEASE-2023
57c3876a-872c-4afc-b2ef-3603b65acecc,HARV_046.basePlot.vst,2015-11-04,,D01,HARV,HARV_046,tower,mixedForest,42.537915,-72.180759,WGS84,20.3,731514.3,4713355.58,18N,361.4,0.3,,vst_HARV_2015,,,,NEON.DOC.000987vD,,,,,,,,,,,,,10,noneSelected,noneSelected,800,40,800,800,"",cgoranson@neoninc.org,llukas@neoninc.org,legacyData,20230109T190439Z,RELEASE-2023
7073e4fb-cfe4-45a6-b291-966cece0d830,HARV_040.basePlot.vst,2015-11-04,,D01,HARV,HARV_040,tower,mixedForest,42.539918,-72.175931,WGS84,20.1,731903.38,4713591.23,18N,342.8,0.1,,vst_HARV_2015,,,,NEON.DOC.000987vD,,,,,,,,,,,,,1,noneSelected,noneSelected,800,4,800,800,"",cgoranson@neoninc.org,llukas@neoninc.org,legacyData,20230109T190439Z,RELEASE-2023
bd916177-6537-467c-bab7-00fe49f6a5d2,HARV_033.basePlot.vst,2015-11-05,,D01,HARV,HARV_033,tower,deciduousForest,42.538302,-72.175607,WGS84,20.2,731935.97,4713412.66,18N,358.8,0.2,,vst_HARV_2015,,,,NEON.DOC.000987vD,,,,,,,,,,,,,100,noneSelected,noneSelected,800,400,800,800,no transcription errors,llukas@neoninc.org,llukas@neoninc.org,legacyData,20230109T190439Z,RELEASE-2023
dfe80e04-85c3-4f03-affd-790860d2732f,HARV_051.basePlot.vst,2015-11-05,,D01,HARV,HARV_051,tower,mixedForest,42.534078,-72.179146,WGS84,20.3,731660.96,4712933.89,18N,370,0.4,,vst_HARV_2015,,,,NEON.DOC.000987vD,,,,,,,,,,,,,100,noneSelected,noneSelected,800,400,800,800,no transcription errors,thillman@neoninc.org,llukas@neoninc.org,legacyData,20230109T190439Z,RELEASE-2023
a559ec58-aec2-477e-97c6-b93d5b75b815,HARV_034.basePlot.vst,2015-11-13,,D01,HARV,HARV_034,tower,evergreenForest,42.535686,-72.177968,WGS84,20.3,731751.76,4713115.68,18N,372.1,0.4,,vst_HARV_2015,,,,NEON.DOC.000987vD,,,,,,,,,,,,,10,noneSelected,noneSelected,800,40,800,800,no transcription errors,cgoranson@neoninc.org,llukas@neoninc.org,legacyData,20230109T190439Z,RELEASE-2023
223334bc-a252-4528-a0c0-5124702262f9,HARV_039.basePlot.vst,2015-11-17,,D01,HARV,HARV_039,tower,mixedForest,42.533247,-72.17769,WGS84,20.2,731783.62,4712845.59,18N,373.2,0.2,,vst_HARV_2015,,,,NEON.DOC.000987vD,,,,,,,,,,,,,100,noneSelected,noneSelected,800,400,800,800,no transcription errors,cgoranson@neoninc.org,llukas@neoninc.org,legacyData,20230109T190439Z,RELEASE-2023
24688181-040a-4692-b456-f507f35dd6c1,HARV_042.basePlot.vst,2015-11-18,,D01,HARV,HARV_042,tower,mixedForest,42.534167,-72.176562,WGS84,20.1,731872.86,4712950.85,18N,371,0.1,,vst_HARV_2015,,,,NEON.DOC.000987vD,,,,,,,,,,,,,10,noneSelected,noneSelected,800,40,800,800,no transcription errors,dcrandall@neoninc.org,cgoranson@neoninc.org,legacyData,20230109T190439Z,RELEASE-2023
74d58418-30f0-414e-9f96-fd7a3b31b8af,HARV_042.basePlot.vst,2016-07-25,,D01,HARV,HARV_042,tower,mixedForest,42.534167,-72.176562,WGS84,20.1,731872.86,4712950.85,18N,371,0.1,,vst_HARV_2016,,,,NEON.DOC.000987vE,Y,,,Y,Y,N,N,Y,N,N,N,N,10,noneSelected,25,800,40,800,100,"",chines@field-ops.org,gvanscoy@field-ops.org,,20230109T190844Z,RELEASE-2023
fe3a5875-e95b-4950-9911-4c16c91ebddd,HARV_036.basePlot.vst,2016-07-25,,D01,HARV,HARV_036,tower,deciduousForest,42.542123,-72.173119,WGS84,20.1,732126.13,4713843.8,18N,368.2,0.2,,vst_HARV_2016,,,,NEON.DOC.000987vE,Y,,,Y,N,N,N,Y,N,N,N,N,25,noneSelected,1,800,100,800,4,"",gvanscoy@field-ops.org,chines@field-ops.org,,20230109T190844Z,RELEASE-2023
805bc684-8fe8-4a9c-97b8-4a983606dbd3,HARV_039.basePlot.vst,2016-07-25,,D01,HARV,HARV_039,tower,mixedForest,42.533247,-72.17769,WGS84,20.2,731783.62,4712845.59,18N,373.2,0.2,,vst_HARV_2016,,,,NEON.DOC.000987vE,Y,,,Y,N,N,N,Y,N,N,N,N,100,noneSelected,25,800,400,800,100,Nested Subplot 3 of Subplot 39 and Nested Subplot 1 of Subplot 41 contained no target taxa.,chines@field-ops.org,gvanscoy@field-ops.org,,20230109T190844Z,RELEASE-2023
96a2ed86-5304-45d3-89c3-1edb1bd21eec,HARV_045.basePlot.vst,2016-07-25,,D01,HARV,HARV_045,tower,deciduousForest,42.542078,-72.1713,WGS84,20.1,732275.68,4713843.79,18N,370,0.1,,vst_HARV_2016,,,,NEON.DOC.000987vE,Y,,,Y,N,N,N,Y,N,N,N,N,100,noneSelected,25,800,400,800,100,"",gvanscoy@field-ops.org,chines@field-ops.org,,20230109T190844Z,RELEASE-2023
8d0f52b2-b351-4be4-855a-cb1151e51616,HARV_034.basePlot.vst,2016-07-26,,D01,HARV,HARV_034,tower,evergreenForest,42.535686,-72.177968,WGS84,20.3,731751.76,4713115.68,18N,372.1,0.4,,vst_HARV_2016,,,,NEON.DOC.000987vE,Y,,,Y,N,N,N,Y,N,N,N,N,noneSelected,noneSelected,100,800,800,800,400,"",mday@field-ops.org,gvanscoy@field-ops.org,,20230109T190844Z,RELEASE-2023
1f247ece-c485-40d3-ab99-8b424569cf26,HARV_044.basePlot.vst,2016-07-26,,D01,HARV,HARV_044,tower,deciduousForest,42.535376,-72.176486,WGS84,20.1,731874.62,4713085.32,18N,365.8,0.1,,vst_HARV_2016,,,,NEON.DOC.000987vE,Y,,,Y,Y,N,N,Y,N,N,N,N,25,noneSelected,10,800,100,800,40,"",gvanscoy@field-ops.org,mday@field-ops.org,,20230109T190844Z,RELEASE-2023
4fa6fb8c-192b-4575-ab64-75bc7edda1ec,HARV_050.basePlot.vst,2016-07-27,,D01,HARV,HARV_050,tower,mixedForest,42.53627,-72.179357,WGS84,20.2,731635.52,4713176.74,18N,368.4,0.4,,vst_HARV_2016,,,,NEON.DOC.000987vE,Y,,,Y,Y,N,N,Y,N,N,N,N,100,noneSelected,noneSelected,800,400,800,800,"",chines@field-ops.org,gvanscoy@field-ops.org,,20230109T190844Z,RELEASE-2023
10fd2b3f-774e-472d-aec6-4af1f4df4a0e,HARV_049.basePlot.vst,2016-07-27,,D01,HARV,HARV_049,tower,mixedForest,42.535171,-72.179779,WGS84,20.3,731604.93,4713053.54,18N,370,0.3,,vst_HARV_2016,,,,NEON.DOC.000987vE,Y,,,Y,Y,N,N,Y,N,N,N,N,100,noneSelected,100,800,400,800,400,"",chines@field-ops.org,gvanscoy@field-ops.org,,20230109T190844Z,RELEASE-2023
ec151366-68c7-45b5-857e-79296150d201,HARV_037.basePlot.vst,2016-07-27,,D01,HARV,HARV_037,tower,evergreenForest,42.537308,-72.179312,WGS84,20.1,731635.38,4713292.13,18N,361.9,0.2,,vst_HARV_2016,,,,NEON.DOC.000987vE,Y,,,Y,N,N,N,Y,N,N,N,N,noneSelected,noneSelected,noneSelected,800,800,800,800,"",chines@field-ops.org,gvanscoy@field-ops.org,,20230109T190844Z,RELEASE-2023
ca7e7c81-dc7a-43d5-a53e-a58eda0701f8,HARV_041.basePlot.vst,2016-07-27,,D01,HARV,HARV_041,tower,evergreenForest,42.536795,-72.180797,WGS84,20.1,731515.32,4713231.1,18N,361.6,0.2,,vst_HARV_2016,,,,NEON.DOC.000987vE,Y,,,Y,Y,N,N,Y,N,N,N,N,100,noneSelected,100,800,400,800,400,"",chines@field-ops.org,gvanscoy@field-ops.org,,20230109T190844Z,RELEASE-2023
348072fe-4e3d-4293-baa0-431347623d1d,HARV_038.basePlot.vst,2016-07-27,,D01,HARV,HARV_038,tower,mixedForest,42.537334,-72.177877,WGS84,20.2,731753.13,4713298.95,18N,367.4,0.3,,vst_HARV_2016,,,,NEON.DOC.000987vE,Y,,,Y,Y,N,N,Y,N,N,N,N,100,noneSelected,10,800,400,800,40,"",chines@field-ops.org,gvanscoy@field-ops.org,,20230109T190844Z,RELEASE-2023
1b77c5fc-df5e-4489-b955-25536bf38cb7,HARV_043.basePlot.vst,2016-07-28,,D01,HARV,HARV_043,tower,evergreenForest,42.541027,-72.176583,WGS84,20.1,731845.73,4713712.6,18N,354.4,0.2,,vst_HARV_2016,,,,NEON.DOC.000987vE,Y,,,Y,N,N,N,Y,N,N,N,N,100,noneSelected,noneSelected,800,400,800,800,"",gvanscoy@field-ops.org,jwebber@field-ops.org,,20230109T190844Z,RELEASE-2023
af252903-faca-4910-a50a-f51ef7a3acdb,HARV_040.basePlot.vst,2016-07-28,,D01,HARV,HARV_040,tower,mixedForest,42.539918,-72.175931,WGS84,20.1,731903.38,4713591.23,18N,342.8,0.1,,vst_HARV_2016,,,,NEON.DOC.000987vE,Y,,,Y,Y,N,N,Y,N,N,N,N,1,noneSelected,1,800,4,800,4,"",gvanscoy@field-ops.org,jwebber@field-ops.org,,20230109T190844Z,RELEASE-2023
98b49548-c39e-4036-be16-ee4eca61dbeb,HARV_035.basePlot.vst,2016-07-28,,D01,HARV,HARV_035,tower,evergreenForest,42.539966,-72.178072,WGS84,20.2,731727.38,4713590.7,18N,365.8,0.3,,vst_HARV_2016,,,,NEON.DOC.000987vE,Y,,,Y,N,N,N,N,N,N,N,N,noneSelected,noneSelected,noneSelected,800,800,800,800,"",gvanscoy@field-ops.org,jwebber@field-ops.org,,20230109T190844Z,RELEASE-2023
afdd4d35-b784-4dfb-9f0f-cd2182589d87,HARV_011.basePlot.vst,2016-08-09,,D01,HARV,HARV_011,distributed,deciduousForest,42.455924,-72.238278,WGS84,20.3,727087.27,4704094.82,18N,231.5,0.4,,vst_HARV_2016,,,,NEON.DOC.000987vE,Y,,,Y,Y,N,N,Y,N,N,N,N,10,noneSelected,1,400,80,400,8,"",nflannery@field-ops.org,llukas@neoninc.org,,20230109T192042Z,RELEASE-2023
888dd933-1217-4576-bf52-8c46b87c7c98,HARV_020.basePlot.vst,2016-08-09,,D01,HARV,HARV_020,distributed,woodyWetlands,42.436767,-72.228878,WGS84,20.2,727929.75,4701992.66,18N,225.4,0.3,,vst_HARV_2016,,,,NEON.DOC.000987vE,Y,,,Y,Y,N,N,Y,N,N,N,N,25,noneSelected,1,400,200,400,8,ca. 10% of ferns have senesced because of the drought. Nested SubPlot 3 of SubPlot 40 contained no measurable ferns. Two OSCIC have senesced beyond measurability.,nflannery@field-ops.org,llukas@neoninc.org,,20230109T192042Z,RELEASE-2023
78f0b0ed-f344-40c9-bc0b-f543e2e601e5,HARV_016.basePlot.vst,2016-08-10,,D01,HARV,HARV_016,distributed,woodyWetlands,42.45847,-72.231992,WGS84,20.1,727594.95,4704394.4,18N,232.2,0.3,,vst_HARV_2016,,,,NEON.DOC.000987vE,Y,,,Y,Y,N,N,Y,N,N,N,N,10,noneSelected,1,400,80,400,8,"",mday@field-ops.org,nflannery@field-ops.org,,20230109T192042Z,RELEASE-2023
1c9e70a8-7bd8-4ebc-9340-a240cbd5a368,HARV_048.basePlot.vst,2016-08-17,,D01,HARV,HARV_048,tower,mixedForest,42.541304,-72.178017,WGS84,20.2,731726.94,4713739.43,18N,360.7,0.3,,vst_HARV_2016,,,,NEON.DOC.000987vE,Y,,,Y,Y,N,N,N,N,N,N,N,100,noneSelected,noneSelected,800,400,800,800,"",nflannery@field-ops.org,llukas@battelleecology.org,,20230109T192042Z,RELEASE-2023
aa4e6ba5-65ba-40bf-b305-8b53bda7772a,HARV_052.basePlot.vst,2016-08-24,,D01,HARV,HARV_052,tower,mixedForest,42.54213,-72.176577,WGS84,20.3,731842.14,4713835.11,18N,358.9,0.3,,vst_HARV_2016,,,,NEON.DOC.000987vE,Y,,,Y,N,N,N,Y,N,N,N,N,noneSelected,noneSelected,noneSelected,800,800,800,800,"",eeimers@field-ops.org,gvanscoy@field-ops.org,,20230109T192042Z,RELEASE-2023
d9dd59e1-31fd-45dc-8adc-e617ffe73f04,HARV_046.basePlot.vst,2016-09-26,,D01,HARV,HARV_046,tower,mixedForest,42.537915,-72.180759,WGS84,20.3,731514.3,4713355.58,18N,361.4,0.3,,vst_HARV_2016,,,,NEON.DOC.000987vE,Y,,,Y,Y,N,N,Y,N,N,N,N,10,noneSelected,10,800,40,800,40,,llukas@neoninc.org,gvanscoy@field-ops.org,,20230109T190244Z,RELEASE-2023
e0e18078-6ebb-45db-9302-3e5e2b454326,HARV_047.basePlot.vst,2016-09-28,,D01,HARV,HARV_047,tower,deciduousForest,42.536689,-72.175706,WGS84,20.2,731933.82,4713233.26,18N,367.3,0.4,,vst_HARV_2016,,,,NEON.DOC.000987vE,Y,,,Y,Y,N,N,N,N,N,N,N,25,noneSelected,noneSelected,800,100,800,800,,gvanscoy@field-ops.org,mday@field-ops.org,,20230109T190244Z,RELEASE-2023
8c7abf19-982c-4256-bfed-80a3c2a5a0b3,HARV_051.basePlot.vst,2016-10-05,,D01,HARV,HARV_051,tower,mixedForest,42.534078,-72.179146,WGS84,20.3,731660.96,4712933.89,18N,370,0.4,,vst_HARV_2016,,,,NEON.DOC.000987vE,Y,,,Y,Y,N,N,N,N,N,N,N,100,noneSelected,noneSelected,800,400,800,800,,mday@field-ops.org,chines@field-ops.org,,20230109T192027Z,RELEASE-2023
7fcb46f9-1b61-4ece-9d28-ae16e03e9232,HARV_033.basePlot.vst,2016-10-10,,D01,HARV,HARV_033,tower,deciduousForest,42.538302,-72.175607,WGS84,20.2,731935.97,4713412.66,18N,358.8,0.2,,vst_HARV_2016,,,,NEON.DOC.000987vE,N,,,"","","","","","","","","",100,noneSelected,100,800,400,800,400,,mday@field-ops.org,jwebber@field-ops.org,,20230109T192027Z,RELEASE-2023
cbfa48cd-9ecb-4ed6-bbef-96027fa5f2af,HARV_043.basePlot.vst,2017-07-10,,D01,HARV,HARV_043,tower,evergreenForest,42.541027,-72.176583,WGS84,20.1,731845.73,4713712.6,18N,354.4,0.2,,vst_HARV_2017,,,21 | 39,NEON.DOC.000987vG,Y,,,Y,N,N,N,Y,N,N,N,N,100,noneSelected,noneSelected,800,400,800,800,,gvanscoy@field-ops.org,jwebber@field-ops.org,,20230109T191413Z,RELEASE-2023
2bceaf8c-8b4c-452f-87e8-b1e1c3842c07,HARV_045.basePlot.vst,2017-07-10,,D01,HARV,HARV_045,tower,deciduousForest,42.542078,-72.1713,WGS84,20.1,732275.68,4713843.79,18N,370,0.1,,vst_HARV_2017,,,21 | 23,NEON.DOC.000987vG,Y,,,Y,N,N,N,Y,N,N,N,N,100,noneSelected,25,800,400,800,100,,gvanscoy@field-ops.org,jwebber@field-ops.org,,20230109T191413Z,RELEASE-2023
aee7071f-5d18-4ea4-b300-c8db1871fe24,HARV_036.basePlot.vst,2017-07-10,,D01,HARV,HARV_036,tower,deciduousForest,42.542123,-72.173119,WGS84,20.1,732126.13,4713843.8,18N,368.2,0.2,,vst_HARV_2017,,,21 | 23,NEON.DOC.000987vG,Y,,,Y,N,N,N,Y,N,N,N,N,25,noneSelected,1,800,100,800,4,,gvanscoy@field-ops.org,jwebber@field-ops.org,,20230109T191413Z,RELEASE-2023
8363f165-ceda-4332-8ea1-a9c3376ebb1c,HARV_052.basePlot.vst,2017-07-11,,D01,HARV,HARV_052,tower,mixedForest,42.54213,-72.176577,WGS84,20.3,731842.14,4713835.11,18N,358.9,0.3,,vst_HARV_2017,,,23 | 41,NEON.DOC.000987vG,Y,,,Y,N,N,N,Y,N,N,N,N,noneSelected,noneSelected,noneSelected,800,800,800,800,,jbreault@field-ops.org,jwebber@field-ops.org,,20230109T191413Z,RELEASE-2023
24ec21a5-49d9-41ca-b906-3400fe547e81,HARV_048.basePlot.vst,2017-07-11,,D01,HARV,HARV_048,tower,mixedForest,42.541304,-72.178017,WGS84,20.2,731726.94,4713739.43,18N,360.7,0.3,,vst_HARV_2017,,,23 | 39,NEON.DOC.000987vG,Y,,,Y,Y,N,N,Y,N,N,N,N,100,noneSelected,noneSelected,800,400,800,800,,jbreault@field-ops.org,jwebber@field-ops.org,,20230109T191413Z,RELEASE-2023
818c7025-3bb5-4d04-957f-2ec8fe482943,HARV_035.basePlot.vst,2017-07-11,,D01,HARV,HARV_035,tower,evergreenForest,42.539966,-72.178072,WGS84,20.2,731727.38,4713590.7,18N,365.8,0.3,,vst_HARV_2017,,,21 | 23,NEON.DOC.000987vG,Y,,,Y,N,N,N,N,N,N,N,N,100,noneSelected,noneSelected,800,400,800,800,,jbreault@field-ops.org,jwebber@field-ops.org,,20230109T191413Z,RELEASE-2023
535df8ba-a23a-47e8-86cd-1128b5284ba5,HARV_050.basePlot.vst,2017-07-11,,D01,HARV,HARV_050,tower,mixedForest,42.53627,-72.179357,WGS84,20.2,731635.52,4713176.74,18N,368.4,0.4,,vst_HARV_2017,,,21 | 41,NEON.DOC.000987vG,Y,,,Y,Y,N,N,Y,N,N,N,N,100,noneSelected,noneSelected,800,400,800,800,,jbreault@field-ops.org,jwebber@field-ops.org,,20230109T191413Z,RELEASE-2023
8a5df479-c4d7-40ed-b926-dec9eff1f8c3,HARV_037.basePlot.vst,2017-07-11,,D01,HARV,HARV_037,tower,evergreenForest,42.537308,-72.179312,WGS84,20.1,731635.38,4713292.13,18N,361.9,0.2,,vst_HARV_2017,,,23 | 41,NEON.DOC.000987vG,Y,,,Y,N,N,N,Y,N,N,N,N,10,noneSelected,noneSelected,800,40,800,800,,jbreault@field-ops.org,jwebber@field-ops.org,,20230109T191413Z,RELEASE-2023
cc176624-65bd-44ac-bc9e-831704717701,HARV_049.basePlot.vst,2017-07-12,,D01,HARV,HARV_049,tower,mixedForest,42.535171,-72.179779,WGS84,20.3,731604.93,4713053.54,18N,370,0.3,,vst_HARV_2017,,,23 | 41,NEON.DOC.000987vG,Y,,,Y,Y,N,N,Y,N,N,N,N,100,noneSelected,100,800,400,800,400,,bhudson@battelleecology.org,jwebber@field-ops.org,,20230109T191413Z,RELEASE-2023
5da55aaf-3859-44ab-84b1-d164eb417847,HARV_051.basePlot.vst,2017-07-12,,D01,HARV,HARV_051,tower,mixedForest,42.534078,-72.179146,WGS84,20.3,731660.96,4712933.89,18N,370,0.4,,vst_HARV_2017,,,23 | 39,NEON.DOC.000987vG,Y,,,Y,Y,N,N,Y,N,N,N,N,100,noneSelected,25,800,400,800,100,,bhudson@battelleecology.org,jwebber@field-ops.org,,20230109T191413Z,RELEASE-2023
f5196ece-2b39-4ee2-a877-3279260f040e,HARV_034.basePlot.vst,2017-07-12,,D01,HARV,HARV_034,tower,evergreenForest,42.535686,-72.177968,WGS84,20.3,731751.76,4713115.68,18N,372.1,0.4,,vst_HARV_2017,,,23 | 39,NEON.DOC.000987vG,Y,,,Y,N,N,N,Y,N,N,N,N,10,noneSelected,100,800,40,800,400,,jwebber@field-ops.org,bhudson@battelleecology.org,,20230109T191413Z,RELEASE-2023
a6e56cc2-7a3f-4f6d-9a7e-a1d19115a97c,HARV_040.basePlot.vst,2017-07-12,,D01,HARV,HARV_040,tower,mixedForest,42.539918,-72.175931,WGS84,20.1,731903.38,4713591.23,18N,342.8,0.1,,vst_HARV_2017,,,23 | 41,NEON.DOC.000987vG,Y,,,Y,Y,N,N,Y,N,N,N,N,1,noneSelected,1,800,4,800,4,,jbreault@field-ops.org,chines@field-ops.org,,20230109T191413Z,RELEASE-2023
893d4ace-5608-430b-8f21-ad79332e48b2,HARV_038.basePlot.vst,2017-07-12,,D01,HARV,HARV_038,tower,mixedForest,42.537334,-72.177877,WGS84,20.2,731753.13,4713298.95,18N,367.4,0.3,,vst_HARV_2017,,,23 | 39,NEON.DOC.000987vG,Y,,,Y,Y,N,N,Y,N,N,N,N,100,noneSelected,10,800,400,800,40,,jbreault@field-ops.org,chines@field-ops.org,,20230109T191413Z,RELEASE-2023
27408474-538e-4f03-963a-2adc9e48821a,HARV_047.basePlot.vst,2017-07-12,,D01,HARV,HARV_047,tower,deciduousForest,42.536689,-72.175706,WGS84,20.2,731933.82,4713233.26,18N,367.3,0.4,,vst_HARV_2017,,,21 | 41,NEON.DOC.000987vG,Y,,,Y,Y,N,N,Y,N,N,N,N,25,noneSelected,10,800,100,800,40,,jbreault@field-ops.org,chines@field-ops.org,,20230109T191413Z,RELEASE-2023
2bc1b2ea-92ce-410b-8207-f6a37cef0582,HARV_041.basePlot.vst,2017-07-12,,D01,HARV,HARV_041,tower,evergreenForest,42.536795,-72.180797,WGS84,20.1,731515.32,4713231.1,18N,361.6,0.2,,vst_HARV_2017,,,23 | 39,NEON.DOC.000987vG,Y,,,Y,Y,N,N,Y,N,N,N,N,100,noneSelected,100,800,400,800,400,,jbreault@field-ops.org,chines@field-ops.org,,20230109T191413Z,RELEASE-2023
43c6a323-7b31-4591-b137-b339fdeb28af,HARV_033.basePlot.vst,2017-07-12,,D01,HARV,HARV_033,tower,deciduousForest,42.538302,-72.175607,WGS84,20.2,731935.97,4713412.66,18N,358.8,0.2,,vst_HARV_2017,,,21 | 23,NEON.DOC.000987vG,Y,,,Y,Y,N,N,Y,N,N,N,N,100,noneSelected,100,800,400,800,400,,jbreault@field-ops.org,chines@field-ops.org,,20230109T191413Z,RELEASE-2023
5445e246-aa37-448e-9a41-38216f2a250d,HARV_044.basePlot.vst,2017-07-13,,D01,HARV,HARV_044,tower,deciduousForest,42.535376,-72.176486,WGS84,20.1,731874.62,4713085.32,18N,365.8,0.1,,vst_HARV_2017,,,21 | 41,NEON.DOC.000987vG,Y,,,Y,Y,N,N,Y,N,N,N,N,25,noneSelected,10,800,100,800,40,,jbreault@field-ops.org,chines@field-ops.org,,20230109T191413Z,RELEASE-2023
ca75ab3d-7868-4899-8532-69ebf6a5b3e3,HARV_039.basePlot.vst,2017-07-13,,D01,HARV,HARV_039,tower,mixedForest,42.533247,-72.17769,WGS84,20.2,731783.62,4712845.59,18N,373.2,0.2,,vst_HARV_2017,,,39 | 41,NEON.DOC.000987vG,Y,,,Y,N,N,N,Y,N,N,N,N,100,noneSelected,25,800,400,800,100,,jbreault@field-ops.org,chines@field-ops.org,,20230109T191413Z,RELEASE-2023
d0b6d832-1134-4620-bb97-be1e22b357db,HARV_042.basePlot.vst,2017-07-13,,D01,HARV,HARV_042,tower,mixedForest,42.534167,-72.176562,WGS84,20.1,731872.86,4712950.85,18N,371,0.1,,vst_HARV_2017,,,39 | 41,NEON.DOC.000987vG,Y,,,Y,Y,N,N,Y,N,N,N,N,10,noneSelected,25,800,40,800,100,,jbreault@field-ops.org,chines@field-ops.org,,20230109T191413Z,RELEASE-2023
f903eb03-32ee-4549-acd9-8714764bc1bd,HARV_046.basePlot.vst,2017-07-17,,D01,HARV,HARV_046,tower,mixedForest,42.537915,-72.180759,WGS84,20.3,731514.3,4713355.58,18N,361.4,0.3,,vst_HARV_2017,,,21 | 41,NEON.DOC.000987vG,Y,,,Y,Y,N,N,Y,N,N,N,N,10,noneSelected,10,800,40,800,40,,gvanscoy@field-ops.org,jwebber@field-ops.org,,20230109T191413Z,RELEASE-2023
5b9ae334-a864-4f25-93f3-d254168c2c90,HARV_046.basePlot.vst,2018-07-16,,D01,HARV,HARV_046,tower,mixedForest,42.537915,-72.180759,WGS84,20.3,731514.3,4713355.58,18N,361.4,0.3,,vst_HARV_2018,,,21 | 41,NEON.DOC.000987vG,Y,,,Y,Y,N,N,Y,N,N,N,N,10,noneSelected,10,800,40,800,40,,muffenbeck@battelleecology.org,gvanscoy@field-ops.org,,20230109T191631Z,RELEASE-2023
7ee44a2d-38eb-4781-a4bf-09285d35cbcb,HARV_040.basePlot.vst,2018-07-16,,D01,HARV,HARV_040,tower,mixedForest,42.539918,-72.175931,WGS84,20.1,731903.38,4713591.23,18N,342.8,0.1,,vst_HARV_2018,,,23 | 41,NEON.DOC.000987vG,Y,,,Y,Y,N,N,Y,N,N,N,N,1,noneSelected,1,800,4,800,4,,muffenbeck@battelleecology.org,gvanscoy@field-ops.org,,20230109T191631Z,RELEASE-2023
5306aeb0-5ab7-4006-96ea-ee285d3a1870,HARV_035.basePlot.vst,2018-07-16,,D01,HARV,HARV_035,tower,evergreenForest,42.539966,-72.178072,WGS84,20.2,731727.38,4713590.7,18N,365.8,0.3,,vst_HARV_2018,,,21 | 23,NEON.DOC.000987vG,Y,,,Y,N,N,N,N,N,N,N,N,noneSelected,noneSelected,noneSelected,800,800,800,800,,muffenbeck@battelleecology.org,gvanscoy@field-ops.org,,20230109T191631Z,RELEASE-2023
dd5dfb64-26e3-4a5b-b760-a23fa3a5a2d6,HARV_039.basePlot.vst,2018-07-16,,D01,HARV,HARV_039,tower,mixedForest,42.533247,-72.17769,WGS84,20.2,731783.62,4712845.59,18N,373.2,0.2,,vst_HARV_2018,,,39 | 41,NEON.DOC.000987vG,Y,,,Y,N,N,N,Y,N,N,N,N,noneSelected,noneSelected,25,800,800,800,100,,muffenbeck@battelleecology.org,gvanscoy@field-ops.org,,20230109T191631Z,RELEASE-2023
10c4d7c3-52bb-400e-b8d1-a53a78e41b8d,HARV_047.basePlot.vst,2018-07-16,,D01,HARV,HARV_047,tower,deciduousForest,42.536689,-72.175706,WGS84,20.2,731933.82,4713233.26,18N,367.3,0.4,,vst_HARV_2018,,,21 | 41,NEON.DOC.000987vG,Y,,,Y,Y,N,N,Y,N,N,N,N,25,noneSelected,10,800,100,800,40,,muffenbeck@battelleecology.org,gvanscoy@field-ops.org,,20230109T191631Z,RELEASE-2023
208e1b11-c532-42c0-9fc8-373f8878ba2c,HARV_034.basePlot.vst,2018-07-16,,D01,HARV,HARV_034,tower,evergreenForest,42.535686,-72.177968,WGS84,20.3,731751.76,4713115.68,18N,372.1,0.4,,vst_HARV_2018,,,23 | 39,NEON.DOC.000987vG,Y,,,Y,N,N,N,Y,N,N,N,N,noneSelected,noneSelected,100,800,800,800,400,,scook@battelleecology.org,gvanscoy@field-ops.org,,20230109T191631Z,RELEASE-2023
aba00155-c359-4b8e-932f-386f1f1d8ab4,HARV_045.basePlot.vst,2018-07-16,,D01,HARV,HARV_045,tower,deciduousForest,42.542078,-72.1713,WGS84,20.1,732275.68,4713843.79,18N,370,0.1,,vst_HARV_2018,,,21 | 23,NEON.DOC.000987vG,Y,,,Y,N,N,N,Y,N,N,N,N,noneSelected,noneSelected,25,800,800,800,100,,muffenbeck@battelleecology.org,gvanscoy@field-ops.org,,20230109T191631Z,RELEASE-2023
92091ebb-ade7-4293-8459-a97a7c31f182,HARV_036.basePlot.vst,2018-07-16,,D01,HARV,HARV_036,tower,deciduousForest,42.542123,-72.173119,WGS84,20.1,732126.13,4713843.8,18N,368.2,0.2,,vst_HARV_2018,,,21 | 23,NEON.DOC.000987vG,Y,,,Y,Y,N,N,Y,N,N,N,N,25,noneSelected,1,800,100,800,4,,muffenbeck@battelleecology.org,gvanscoy@field-ops.org,,20230109T191631Z,RELEASE-2023
c4460c0b-f41b-47ef-8049-48db88295421,HARV_043.basePlot.vst,2018-07-16,,D01,HARV,HARV_043,tower,evergreenForest,42.541027,-72.176583,WGS84,20.1,731845.73,4713712.6,18N,354.4,0.2,,vst_HARV_2018,,,21 | 39,NEON.DOC.000987vG,Y,,,Y,N,N,N,Y,N,N,N,N,noneSelected,noneSelected,noneSelected,800,800,800,800,,muffenbeck@battelleecology.org,gvanscoy@field-ops.org,,20230109T191631Z,RELEASE-2023
7219d58e-a061-485b-bdc5-6b91e2732cd0,HARV_051.basePlot.vst,2018-07-16,,D01,HARV,HARV_051,tower,mixedForest,42.534078,-72.179146,WGS84,20.3,731660.96,4712933.89,18N,370,0.4,,vst_HARV_2018,,,23 | 39,NEON.DOC.000987vG,Y,,,Y,Y,N,N,Y,N,N,N,N,100,noneSelected,25,800,400,800,100,,muffenbeck@battelleecology.org,gvanscoy@field-ops.org,,20230109T191631Z,RELEASE-2023
d03f3f04-fd65-41da-91fa-85a360dfa3b0,HARV_049.basePlot.vst,2018-07-16,,D01,HARV,HARV_049,tower,mixedForest,42.535171,-72.179779,WGS84,20.3,731604.93,4713053.54,18N,370,0.3,,vst_HARV_2018,,,23 | 41,NEON.DOC.000987vG,Y,,,Y,Y,N,N,Y,N,N,N,N,100,noneSelected,100,800,400,800,400,,scook@battelleecology.org,jwebber@field-ops.org,,20230109T191631Z,RELEASE-2023
511d1465-6b7d-43fd-8be7-10da2db19562,HARV_048.basePlot.vst,2018-07-16,,D01,HARV,HARV_048,tower,mixedForest,42.541304,-72.178017,WGS84,20.2,731726.94,4713739.43,18N,360.7,0.3,,vst_HARV_2018,,,23 | 39,NEON.DOC.000987vG,Y,,,Y,Y,N,N,Y,N,N,N,N,100,noneSelected,noneSelected,800,400,800,800,,muffenbeck@battelleecology.org,gvanscoy@field-ops.org,,20230109T191631Z,RELEASE-2023
021bc2c0-3fd5-4888-b081-0946c911986d,HARV_052.basePlot.vst,2018-07-16,,D01,HARV,HARV_052,tower,mixedForest,42.54213,-72.176577,WGS84,20.3,731842.14,4713835.11,18N,358.9,0.3,,vst_HARV_2018,,,23 | 41,NEON.DOC.000987vG,Y,,,Y,N,N,N,Y,N,N,N,N,noneSelected,noneSelected,noneSelected,800,800,800,800,,muffenbeck@battelleecology.org,gvanscoy@field-ops.org,,20230109T191631Z,RELEASE-2023
2ae30247-1759-444c-90d8-78dd0c2423ac,HARV_038.basePlot.vst,2018-07-16,,D01,HARV,HARV_038,tower,mixedForest,42.537334,-72.177877,WGS84,20.2,731753.13,4713298.95,18N,367.4,0.3,,vst_HARV_2018,,,23 | 39,NEON.DOC.000987vG,Y,,,Y,Y,N,N,Y,N,N,N,N,100,noneSelected,10,800,400,800,40,,muffenbeck@battelleecology.org,gvanscoy@field-ops.org,,20230109T191631Z,RELEASE-2023
4635b58d-dcf3-4d6f-987f-07b5e478eb58,HARV_050.basePlot.vst,2018-07-17,,D01,HARV,HARV_050,tower,mixedForest,42.53627,-72.179357,WGS84,20.2,731635.52,4713176.74,18N,368.4,0.4,,vst_HARV_2018,,,21 | 41,NEON.DOC.000987vG,Y,,,Y,Y,N,N,Y,N,N,N,N,100,noneSelected,noneSelected,800,400,800,800,,kgoodwin@battelleecology.org,llukas@battelleecology.org,,20230109T191631Z,RELEASE-2023
4dc72327-68d8-4b96-80c1-ed152a638d88,HARV_041.basePlot.vst,2018-07-17,,D01,HARV,HARV_041,tower,evergreenForest,42.536795,-72.180797,WGS84,20.1,731515.32,4713231.1,18N,361.6,0.2,,vst_HARV_2018,,,23 | 39,NEON.DOC.000987vG,Y,,,Y,Y,N,N,Y,N,N,N,N,100,noneSelected,100,800,400,800,400,,kgoodwin@battelleecology.org,llukas@battelleecology.org,,20230109T191631Z,RELEASE-2023
571918e4-51c4-4d2c-af91-ebf5d52fd771,HARV_037.basePlot.vst,2018-07-17,,D01,HARV,HARV_037,tower,evergreenForest,42.537308,-72.179312,WGS84,20.1,731635.38,4713292.13,18N,361.9,0.2,,vst_HARV_2018,,,23 | 41,NEON.DOC.000987vG,Y,,,Y,N,N,N,Y,N,N,N,N,noneSelected,noneSelected,noneSelected,800,800,800,800,,kgoodwin@battelleecology.org,llukas@battelleecology.org,,20230109T191631Z,RELEASE-2023
22a4961a-30b9-4682-ade5-8c1b04546745,HARV_044.basePlot.vst,2018-07-17,,D01,HARV,HARV_044,tower,deciduousForest,42.535376,-72.176486,WGS84,20.1,731874.62,4713085.32,18N,365.8,0.1,,vst_HARV_2018,,,21 | 41,NEON.DOC.000987vG,Y,,,Y,Y,N,N,Y,N,N,N,N,25,noneSelected,10,800,100,800,40,,jmckenna@battelleecology.org,gvanscoy@field-ops.org,,20230109T191631Z,RELEASE-2023
2a2fa9da-f367-4363-9ed5-8f3d7ecb2210,HARV_042.basePlot.vst,2018-07-17,,D01,HARV,HARV_042,tower,mixedForest,42.534167,-72.176562,WGS84,20.1,731872.86,4712950.85,18N,371,0.1,,vst_HARV_2018,,,39 | 41,NEON.DOC.000987vG,Y,,,Y,Y,N,N,Y,N,N,N,N,10,noneSelected,25,800,40,800,100,,jmckenna@battelleecology.org,gvanscoy@field-ops.org,,20230109T191631Z,RELEASE-2023
4d40ae75-4d67-4bde-a76a-d69ba821910b,HARV_033.basePlot.vst,2018-07-19,,D01,HARV,HARV_033,tower,deciduousForest,42.538302,-72.175607,WGS84,20.2,731935.97,4713412.66,18N,358.8,0.2,,vst_HARV_2018,,,21 | 23,NEON.DOC.000987vG,Y,,,Y,Y,N,N,Y,N,N,N,N,100,noneSelected,100,800,400,800,400,,gvanscoy@field-ops.org,muffenbeck@battelleecology.org,,20230109T191631Z,RELEASE-2023
af7638f1-dfb3-4b95-8a04-a01d24156fc6,HARV_015.basePlot.vst,2018-10-24,,D01,HARV,HARV_015,distributed,deciduousForest,42.538822,-72.182055,WGS84,20.1,731404.51,4713452.76,18N,363,0.1,,vst_HARV_2018,,,31 | 32 |  40 | 41,NEON.DOC.000987vG,Y,Y,N,Y,Y,N,N,N,N,N,N,N,noneSelected,noneSelected,noneSelected,400,400,400,400,,,,,20230109T191732Z,RELEASE-2023
121fa471-a585-4b6a-b9ae-190b489732e5,HARV_017.basePlot.vst,2018-10-25,,D01,HARV,HARV_017,distributed,deciduousForest,42.481741,-72.26708,WGS84,20.1,724626.41,4706885.06,18N,226.4,0.2,,vst_HARV_2018,,,31 | 32 |  40 | 41,NEON.DOC.000987vG,Y,Y,N,Y,N,N,N,N,N,N,N,N,noneSelected,noneSelected,noneSelected,400,400,400,400,,,,,20230109T191732Z,RELEASE-2023
f7eecede-e00c-4f95-95f0-a21039aee028,HARV_004.basePlot.vst,2018-11-29,,D01,HARV,HARV_004,distributed,mixedForest,42.427091,-72.229737,WGS84,20.2,727894.17,4700915.85,18N,199.7,0.2,,vst_HARV_2018,,,31 | 32 |  40 | 41,NEON.DOC.000987vG,Y,Y,N,Y,Y,N,N,N,N,N,N,N,10,noneSelected,noneSelected,400,80,400,400,,,,,20230109T191749Z,RELEASE-2023
62b17b20-09d2-4e6b-8390-9672f189b334,HARV_026.basePlot.vst,2019-04-30,,D01,HARV,HARV_026,distributed,evergreenForest,42.410762,-72.247271,WGS84,20.1,726510.45,4699055.59,18N,194.3,0.2,,vst_HARV_2019,,,31 | 32 |  40 | 41,NEON.DOC.000987vH,Y,,,Y,Y,N,N,N,N,N,N,N,10,noneSelected,noneSelected,400,80,400,400,,,,,20230109T191914Z,RELEASE-2023
4f00ce31-d132-4ec9-abfd-1cb4678e73fb,HARV_006.basePlot.vst,2019-04-30,,D01,HARV,HARV_006,distributed,deciduousForest,42.403087,-72.25372,WGS84,20.1,726007.33,4698186.1,18N,188.8,0.1,,vst_HARV_2019,,,31 | 32 |  40 | 41,NEON.DOC.000987vH,Y,,,Y,Y,N,N,N,N,N,N,N,noneSelected,noneSelected,noneSelected,400,400,400,400,,,,,20230109T191914Z,RELEASE-2023
e9ee3eb1-c305-4dcf-9d67-272427c87c19,HARV_013.basePlot.vst,2019-04-30,,D01,HARV,HARV_013,distributed,evergreenForest,42.392282,-72.254598,WGS84,20.2,725973.86,4696983.89,18N,184.6,0.2,,vst_HARV_2019,,,31 | 32 |  40 | 41,NEON.DOC.000987vH,Y,,,Y,Y,N,N,N,N,N,N,N,1,noneSelected,noneSelected,400,8,400,400,,,,,20230109T191914Z,RELEASE-2023
ae5ad877-fd63-4f4b-99c5-337da88052ac,HARV_004.basePlot.vst,2019-04-30,,D01,HARV,HARV_004,distributed,mixedForest,42.427091,-72.229737,WGS84,20.2,727894.17,4700915.85,18N,199.7,0.2,,vst_HARV_2019,,,31 | 32 |  40 | 41,NEON.DOC.000987vH,Y,,,Y,Y,N,N,N,N,N,N,N,10,noneSelected,noneSelected,400,80,400,400,,,,,20230109T191914Z,RELEASE-2023
463e2dea-8404-4e2e-b224-81f1c008b33b,HARV_023.basePlot.vst,2019-04-30,,D01,HARV,HARV_023,distributed,evergreenForest,42.414314,-72.226622,WGS84,20.2,728196.81,4699505.34,18N,170.4,0.2,,vst_HARV_2019,,,31 | 32 |  40 | 41,NEON.DOC.000987vH,Y,,,Y,Y,N,N,Y,N,N,N,N,10,noneSelected,noneSelected,400,80,400,400,,,,,20230109T191914Z,RELEASE-2023
7b8ed3db-435d-4b8d-84cd-c63bbd8facb0,HARV_011.basePlot.vst,2019-05-01,,D01,HARV,HARV_011,distributed,deciduousForest,42.455924,-72.238278,WGS84,20.3,727087.27,4704094.82,18N,231.5,0.4,,vst_HARV_2019,,,31 | 32 |  40 | 41,NEON.DOC.000987vH,Y,,,Y,Y,N,N,N,N,N,N,N,10,noneSelected,noneSelected,400,80,400,4,,,,,20230109T190252Z,RELEASE-2023
c1d88c19-ee4d-475c-b209-9de25c657b36,HARV_016.basePlot.vst,2019-05-01,,D01,HARV,HARV_016,distributed,woodyWetlands,42.45847,-72.231992,WGS84,20.1,727594.95,4704394.4,18N,232.2,0.3,,vst_HARV_2019,,,31 | 32 |  40 | 41,NEON.DOC.000987vH,Y,,,Y,Y,N,N,Y,N,N,N,N,10,noneSelected,1,400,80,400,4,,,,,20230109T190252Z,RELEASE-2023
104d1da5-532a-4991-99e5-ae44180bbf05,HARV_022.basePlot.vst,2019-05-01,,D01,HARV,HARV_022,distributed,evergreenForest,42.434188,-72.198776,WGS84,20.2,730415.32,4701787.58,18N,193.5,0.3,,vst_HARV_2019,,,31 | 32 |  40 | 41,NEON.DOC.000987vH,Y,,,Y,Y,N,N,N,N,N,N,N,25,noneSelected,noneSelected,400,200,400,400,,,,,20230109T190252Z,RELEASE-2023
c55d69c7-dc20-424f-9767-2ac158f672d2,HARV_021.basePlot.vst,2019-05-20,,D01,HARV,HARV_021,distributed,evergreenForest,42.45243,-72.250472,WGS84,20.1,726097.1,4703674.24,18N,175.1,0.1,,vst_HARV_2019,,,31 | 32 |  40 | 41,NEON.DOC.000987vH,Y,,,Y,Y,N,N,N,N,N,N,N,1,noneSelected,noneSelected,400,8,400,400,,,,,20230109T190252Z,RELEASE-2023
5e4e346b-1ebf-4491-9a09-e1fab032fb69,HARV_010.basePlot.vst,2019-07-10,,D01,HARV,HARV_010,distributed,mixedForest,42.424723,-72.254599,WGS84,20.1,725857.27,4700586.41,18N,206.9,0.1,,vst_HARV_2019,,,31 | 32 |  40 | 41,NEON.DOC.000987vH,Y,,,Y,Y,N,N,N,N,N,N,N,10,noneSelected,noneSelected,400,80,400,400,,,,,20230109T191550Z,RELEASE-2023
a8cf396f-d47c-46b0-8d34-720072d019a8,HARV_002.basePlot.vst,2019-07-10,,D01,HARV,HARV_002,distributed,deciduousForest,42.478565,-72.259572,WGS84,20.1,725254.96,4706552.29,18N,193.6,0.1,,vst_HARV_2019,,,31 | 32 |  40 | 41,NEON.DOC.000987vH,Y,,,Y,Y,N,N,N,N,N,N,N,10,noneSelected,noneSelected,400,80,400,400,,,,,20230109T191550Z,RELEASE-2023
95722e0f-68d0-4904-b4cf-0825635b7831,HARV_025.basePlot.vst,2019-07-10,,D01,HARV,HARV_025,distributed,mixedForest,42.475428,-72.273927,WGS84,20.2,724086.14,4706165.89,18N,179.6,0.5,,vst_HARV_2019,,,31 | 32 |  40 | 41,NEON.DOC.000987vH,Y,,,Y,Y,Y,N,N,N,N,N,N,noneSelected,noneSelected,noneSelected,400,400,400,400,,,,,20230109T191550Z,RELEASE-2023
858d14eb-45ce-4ce3-bf73-5eaf030489c9,HARV_015.basePlot.vst,2019-07-10,,D01,HARV,HARV_015,distributed,deciduousForest,42.538822,-72.182055,WGS84,20.1,731404.51,4713452.76,18N,363,0.1,,vst_HARV_2019,,,31 | 32 |  40 | 41,NEON.DOC.000987vH,Y,,,Y,Y,N,N,N,N,N,N,N,noneSelected,noneSelected,noneSelected,400,400,400,400,,,,,20230109T191550Z,RELEASE-2023
74148ff8-8a85-4f2b-bc04-924deafaba85,HARV_017.basePlot.vst,2019-07-10,,D01,HARV,HARV_017,distributed,deciduousForest,42.481741,-72.26708,WGS84,20.1,724626.41,4706885.06,18N,226.4,0.2,,vst_HARV_2019,,,31 | 32 |  40 | 41,NEON.DOC.000987vH,Y,,,Y,Y,N,N,N,N,N,N,N,10,noneSelected,noneSelected,400,80,400,400,,,,,20230109T191550Z,RELEASE-2023
b8da24ae-ecd7-4aef-81ea-ca9ae6a9dbf0,HARV_008.basePlot.vst,2019-07-10,,D01,HARV,HARV_008,distributed,deciduousForest,42.444557,-72.226082,WGS84,20.2,728131.45,4702865.25,18N,242.2,0.2,,vst_HARV_2019,,,31 | 32 |  40 | 41,NEON.DOC.000987vH,Y,,,Y,Y,N,N,N,N,N,N,N,10,noneSelected,noneSelected,400,80,400,400,,,,,20230109T191550Z,RELEASE-2023
245ac3aa-6b39-4544-bf1a-7206f019137e,HARV_036.basePlot.vst,2019-07-10,,D01,HARV,HARV_036,tower,deciduousForest,42.542123,-72.173119,WGS84,20.1,732126.13,4713843.8,18N,368.2,0.2,,vst_HARV_2019,,,21 | 23,NEON.DOC.000987vH,Y,,,Y,Y,N,N,Y,N,N,N,N,25,noneSelected,1,800,100,800,4,,,,,20230109T191550Z,RELEASE-2023
492d412f-d1af-44c5-9c36-7f0252a590f2,HARV_005.basePlot.vst,2019-07-10,,D01,HARV,HARV_005,distributed,deciduousForest,42.489469,-72.275158,WGS84,20.1,723934.82,4707721.88,18N,189.8,0.3,,vst_HARV_2019,,,31 | 32 |  40 | 41,NEON.DOC.000987vH,Y,,,Y,Y,N,N,N,N,N,N,N,25,noneSelected,noneSelected,400,200,400,400,,,,,20230109T191550Z,RELEASE-2023
07a0451b-7b8a-4ee6-b78b-b584e87fb635,HARV_033.basePlot.vst,2019-07-10,,D01,HARV,HARV_033,tower,deciduousForest,42.538302,-72.175607,WGS84,20.2,731935.97,4713412.66,18N,358.8,0.2,,vst_HARV_2019,,,21 | 23,NEON.DOC.000987vH,Y,,,Y,Y,N,N,Y,N,N,N,N,100,noneSelected,noneSelected,800,400,800,400,,,,,20230109T191550Z,RELEASE-2023
03160639-078b-4115-a8a7-67ba95e50bbb,HARV_014.basePlot.vst,2019-07-10,,D01,HARV,HARV_014,distributed,mixedForest,42.471449,-72.265709,WGS84,20.1,724775.96,4705745.78,18N,199.4,0.2,,vst_HARV_2019,,,31 | 32 |  40 | 41,NEON.DOC.000987vH,Y,,,Y,Y,N,N,N,N,N,N,N,10,noneSelected,noneSelected,400,80,400,400,,,,,20230109T191550Z,RELEASE-2023
241f9f74-8fd7-471b-855d-de852c028980,HARV_001.basePlot.vst,2019-07-10,,D01,HARV,HARV_001,distributed,deciduousForest,42.424246,-72.258285,WGS84,20.1,725555.73,4700523.64,18N,190,0.2,,vst_HARV_2019,,,31 | 32 |  40 | 41,NEON.DOC.000987vH,Y,,,Y,Y,N,N,N,N,N,N,N,1,noneSelected,noneSelected,400,8,400,400,,,,,20230109T191550Z,RELEASE-2023
a5c4adb8-6b46-4ffd-89aa-6e9895b2483c,HARV_035.basePlot.vst,2019-07-10,,D01,HARV,HARV_035,tower,evergreenForest,42.539966,-72.178072,WGS84,20.2,731727.38,4713590.7,18N,365.8,0.3,,vst_HARV_2019,,,21 | 23,NEON.DOC.000987vH,Y,,,Y,Y,N,N,N,N,N,N,N,100,noneSelected,noneSelected,800,400,800,800,,,,,20230109T191550Z,RELEASE-2023
e19397a8-2cde-4153-8670-46ce909fc171,HARV_037.basePlot.vst,2019-07-10,,D01,HARV,HARV_037,tower,evergreenForest,42.537308,-72.179312,WGS84,20.1,731635.38,4713292.13,18N,361.9,0.2,,vst_HARV_2019,,,23 | 41,NEON.DOC.000987vH,Y,,,Y,Y,N,N,Y,N,N,N,N,10,noneSelected,noneSelected,800,40,800,800,,,,,20230109T191550Z,RELEASE-2023
ece6ee71-dc4d-4c56-bf2e-0ec1f065acc8,HARV_034.basePlot.vst,2019-07-10,,D01,HARV,HARV_034,tower,evergreenForest,42.535686,-72.177968,WGS84,20.3,731751.76,4713115.68,18N,372.1,0.4,,vst_HARV_2019,,,23 | 39,NEON.DOC.000987vH,Y,,,Y,Y,N,N,Y,N,N,N,N,10,noneSelected,100,800,40,800,400,,,,,20230109T191550Z,RELEASE-2023
e9ff3735-4fd5-4ee5-92f4-efdec33ae25a,HARV_027.basePlot.vst,2019-07-10,,D01,HARV,HARV_027,distributed,evergreenForest,42.43035,-72.253258,WGS84,20.1,725947.38,4701214.85,18N,183.1,0.2,,vst_HARV_2019,,,31 | 32 |  40 | 41,NEON.DOC.000987vH,Y,,,Y,Y,N,N,N,N,N,N,N,noneSelected,noneSelected,noneSelected,400,400,400,400,,,,,20230109T191550Z,RELEASE-2023
052f0631-92c9-4b8f-8f3f-7509b568993c,HARV_012.basePlot.vst,2019-07-10,,D01,HARV,HARV_012,distributed,deciduousForest,42.429486,-72.239802,WGS84,20.2,727057.47,4701154.83,18N,233.3,0.2,,vst_HARV_2019,,,31 | 32 |  40 | 41,NEON.DOC.000987vH,Y,,,Y,Y,N,N,N,N,N,N,N,10,noneSelected,noneSelected,400,80,400,400,,,,,20230109T191550Z,RELEASE-2023
d9289d23-1fbd-4017-a287-85c66149b465,HARV_038.basePlot.vst,2020-07-15,,D01,HARV,HARV_038,tower,mixedForest,42.537334,-72.177877,WGS84,20.2,731753.13,4713298.95,18N,367.4,0.3,OK,vst_HARV_2020,allTowerPlots,allGrowthForms,23 | 39,NEON.DOC.000987vJ,Y,,,Y,Y,N,N,Y,N,N,N,N,100,noneSelected,10,800,400,800,40,,,,,20230109T193245Z,RELEASE-2023
0b504ffa-13a9-4d13-bc9a-ac04bbae42b9,HARV_033.basePlot.vst,2020-07-15,,D01,HARV,HARV_033,tower,deciduousForest,42.538302,-72.175607,WGS84,20.2,731935.97,4713412.66,18N,358.8,0.2,OK,vst_HARV_2020,allTowerPlots,allGrowthForms,21 | 23,NEON.DOC.000987vJ,Y,,,Y,Y,N,N,Y,N,N,N,N,100,noneSelected,100,800,400,800,400,,,,,20230109T193245Z,RELEASE-2023
11861f78-72bd-4861-9b64-22caf31e6aeb,HARV_040.basePlot.vst,2020-07-15,,D01,HARV,HARV_040,tower,mixedForest,42.539918,-72.175931,WGS84,20.1,731903.38,4713591.23,18N,342.8,0.1,OK,vst_HARV_2020,allTowerPlots,allGrowthForms,23 | 41,NEON.DOC.000987vJ,Y,,,Y,Y,N,N,Y,N,N,N,N,1,noneSelected,1,800,4,800,4,,,,,20230109T193245Z,RELEASE-2023
ec250810-199e-4815-80ef-1f0a8262f28f,HARV_039.basePlot.vst,2020-07-15,,D01,HARV,HARV_039,tower,mixedForest,42.533247,-72.17769,WGS84,20.2,731783.62,4712845.59,18N,373.2,0.2,OK,vst_HARV_2020,allTowerPlots,allGrowthForms,39 | 41,NEON.DOC.000987vJ,Y,,,Y,Y,N,N,Y,N,N,N,N,100,noneSelected,25,800,400,800,100,,,,,20230109T193245Z,RELEASE-2023
e978a785-1f41-44c3-befd-c9fa5e479867,HARV_034.basePlot.vst,2020-07-15,,D01,HARV,HARV_034,tower,evergreenForest,42.535686,-72.177968,WGS84,20.3,731751.76,4713115.68,18N,372.1,0.4,OK,vst_HARV_2020,allTowerPlots,allGrowthForms,23 | 39,NEON.DOC.000987vJ,Y,,,Y,Y,N,N,Y,N,N,N,N,10,noneSelected,100,800,40,800,400,,,,,20230109T193245Z,RELEASE-2023
f4cf0a6e-f4b5-4cdf-b198-931aedb3979b,HARV_047.basePlot.vst,2020-08-05,,D01,HARV,HARV_047,tower,deciduousForest,42.536689,-72.175706,WGS84,20.2,731933.82,4713233.26,18N,367.3,0.4,OK,vst_HARV_2020,allTowerPlots,allGrowthForms,21 | 41,NEON.DOC.000987vJ,Y,,,Y,Y,N,N,N,N,N,N,N,25,noneSelected,noneSelected,800,100,800,800,,,,,20230109T193004Z,RELEASE-2023
4fe1cf7d-5041-4356-a1b9-ec98ffb2a6f6,HARV_052.basePlot.vst,2020-08-05,,D01,HARV,HARV_052,tower,mixedForest,42.54213,-72.176577,WGS84,20.3,731842.14,4713835.11,18N,358.9,0.3,OK,vst_HARV_2020,allTowerPlots,allGrowthForms,23 | 41,NEON.DOC.000987vJ,Y,,,Y,Y,N,N,N,N,N,N,N,noneSelected,noneSelected,noneSelected,800,800,800,800,,,,,20230109T193004Z,RELEASE-2023
1f1cf28c-774e-4db2-af13-405c102cf56d,HARV_035.basePlot.vst,2020-08-05,,D01,HARV,HARV_035,tower,evergreenForest,42.539966,-72.178072,WGS84,20.2,731727.38,4713590.7,18N,365.8,0.3,OK,vst_HARV_2020,allTowerPlots,allGrowthForms,21 | 23,NEON.DOC.000987vJ,Y,,,Y,Y,N,N,N,N,N,N,N,100,noneSelected,noneSelected,800,400,800,800,,,,,20230109T193004Z,RELEASE-2023
4833ce2b-2a7b-48a4-ae63-2184a732c8d6,HARV_046.basePlot.vst,2020-08-05,,D01,HARV,HARV_046,tower,mixedForest,42.537915,-72.180759,WGS84,20.3,731514.3,4713355.58,18N,361.4,0.3,OK,vst_HARV_2020,allTowerPlots,allGrowthForms,21 | 41,NEON.DOC.000987vJ,Y,,,Y,Y,N,N,N,N,N,N,N,10,noneSelected,noneSelected,800,40,800,800,,,,,20230109T193004Z,RELEASE-2023
a665637d-ebcf-4a57-8be4-5ab9dfe9b2fa,HARV_041.basePlot.vst,2020-08-05,,D01,HARV,HARV_041,tower,evergreenForest,42.536795,-72.180797,WGS84,20.1,731515.32,4713231.1,18N,361.6,0.2,OK,vst_HARV_2020,allTowerPlots,allGrowthForms,23 | 39,NEON.DOC.000987vJ,Y,,,Y,Y,N,N,N,N,N,N,N,100,noneSelected,noneSelected,800,400,800,800,,,,,20230109T193004Z,RELEASE-2023
3a5d366c-03b5-4d93-8cfe-2100ef81f25c,HARV_048.basePlot.vst,2020-08-05,,D01,HARV,HARV_048,tower,mixedForest,42.541304,-72.178017,WGS84,20.2,731726.94,4713739.43,18N,360.7,0.3,OK,vst_HARV_2020,allTowerPlots,allGrowthForms,23 | 39,NEON.DOC.000987vJ,Y,,,Y,Y,N,N,N,N,N,N,N,100,noneSelected,noneSelected,800,400,800,800,,,,,20230109T193004Z,RELEASE-2023
b4df526a-77ad-416c-b4de-9685714fbf01,HARV_036.basePlot.vst,2020-08-05,,D01,HARV,HARV_036,tower,deciduousForest,42.542123,-72.173119,WGS84,20.1,732126.13,4713843.8,18N,368.2,0.2,OK,vst_HARV_2020,allTowerPlots,allGrowthForms,21 | 23,NEON.DOC.000987vJ,Y,,,Y,Y,N,N,N,N,N,N,N,25,noneSelected,noneSelected,800,100,800,800,,,,,20230109T193004Z,RELEASE-2023
1e13d4e4-800b-45e9-8447-5c3d5738c220,HARV_045.basePlot.vst,2020-08-05,,D01,HARV,HARV_045,tower,deciduousForest,42.542078,-72.1713,WGS84,20.1,732275.68,4713843.79,18N,370,0.1,OK,vst_HARV_2020,allTowerPlots,allGrowthForms,21 | 23,NEON.DOC.000987vJ,Y,,,Y,Y,N,N,N,N,N,N,N,100,noneSelected,noneSelected,800,400,800,800,,,,,20230109T193004Z,RELEASE-2023
aa4dce4a-78e5-47d3-84ca-c06d427e2b95,HARV_037.basePlot.vst,2020-08-05,,D01,HARV,HARV_037,tower,evergreenForest,42.537308,-72.179312,WGS84,20.1,731635.38,4713292.13,18N,361.9,0.2,OK,vst_HARV_2020,allTowerPlots,allGrowthForms,23 | 41,NEON.DOC.000987vJ,Y,,,Y,Y,N,N,N,N,N,N,N,10,noneSelected,noneSelected,800,40,800,800,,,,,20230109T193004Z,RELEASE-2023
c4f326f3-4e2d-434f-9baf-cd75338b0133,HARV_042.basePlot.vst,2020-08-05,,D01,HARV,HARV_042,tower,mixedForest,42.534167,-72.176562,WGS84,20.1,731872.86,4712950.85,18N,371,0.1,OK,vst_HARV_2020,allTowerPlots,allGrowthForms,39 | 41,NEON.DOC.000987vJ,Y,,,Y,Y,N,N,N,N,N,N,N,10,noneSelected,noneSelected,800,40,800,800,,,,,20230109T193004Z,RELEASE-2023
3a0fa368-4a83-4711-b48a-d6e6bdba97f4,HARV_043.basePlot.vst,2020-08-07,,D01,HARV,HARV_043,tower,evergreenForest,42.541027,-72.176583,WGS84,20.1,731845.73,4713712.6,18N,354.4,0.2,OK,vst_HARV_2020,allTowerPlots,allGrowthForms,21 | 39,NEON.DOC.000987vJ,Y,,,Y,Y,N,N,N,N,N,N,N,100,noneSelected,noneSelected,800,400,800,800,,,,,20230109T193004Z,RELEASE-2023
1afa2dcc-5497-4f62-88a7-b08127eb2a53,HARV_049.basePlot.vst,2020-08-07,,D01,HARV,HARV_049,tower,mixedForest,42.535171,-72.179779,WGS84,20.3,731604.93,4713053.54,18N,370,0.3,OK,vst_HARV_2020,allTowerPlots,allGrowthForms,23 | 41,NEON.DOC.000987vJ,Y,,,Y,Y,N,N,N,N,N,N,N,100,noneSelected,noneSelected,800,400,800,800,,,,,20230109T193004Z,RELEASE-2023
182cb6e2-87ca-4ccb-8bc5-eabc9fde4c89,HARV_044.basePlot.vst,2020-08-07,,D01,HARV,HARV_044,tower,deciduousForest,42.535376,-72.176486,WGS84,20.1,731874.62,4713085.32,18N,365.8,0.1,OK,vst_HARV_2020,allTowerPlots,allGrowthForms,21 | 41,NEON.DOC.000987vJ,Y,,,Y,Y,N,N,N,N,N,N,N,25,noneSelected,noneSelected,800,100,800,800,,,,,20230109T193004Z,RELEASE-2023
b6ec439a-fbbf-4d3e-9296-efd7a593924e,HARV_051.basePlot.vst,2020-08-07,,D01,HARV,HARV_051,tower,mixedForest,42.534078,-72.179146,WGS84,20.3,731660.96,4712933.89,18N,370,0.4,OK,vst_HARV_2020,allTowerPlots,allGrowthForms,23 | 39,NEON.DOC.000987vJ,Y,,,Y,Y,N,N,N,N,N,N,N,100,noneSelected,noneSelected,800,400,800,800,,,,,20230109T193004Z,RELEASE-2023
03a08c93-3dc3-4c63-8c05-9b2b21f0e410,HARV_050.basePlot.vst,2020-08-07,,D01,HARV,HARV_050,tower,mixedForest,42.53627,-72.179357,WGS84,20.2,731635.52,4713176.74,18N,368.4,0.4,OK,vst_HARV_2020,allTowerPlots,allGrowthForms,21 | 41,NEON.DOC.000987vJ,Y,,,Y,Y,N,N,N,N,N,N,N,100,noneSelected,noneSelected,800,400,800,800,,,,,20230109T193004Z,RELEASE-2023
0ebf97f3-cc0e-4775-8eaf-c533b09e6b0a,HARV_033.basePlot.vst,2021-07-26,,D01,HARV,HARV_033,tower,deciduousForest,42.538302,-72.175607,WGS84,20.2,731935.97,4713412.66,18N,358.8,0.2,OK,vst_HARV_2021,towerSubset,allGrowthForms,21 | 23,NEON.DOC.000987vJ,Y,Y,N,Y,Y,N,N,N,N,N,N,N,100,noneSelected,100,800,400,800,800,,,,,20230109T192059Z,RELEASE-2023
c07a909c-e163-45c7-b05b-0f62803dc6f9,HARV_038.basePlot.vst,2021-07-26,,D01,HARV,HARV_038,tower,mixedForest,42.537334,-72.177877,WGS84,20.2,731753.13,4713298.95,18N,367.4,0.3,OK,vst_HARV_2021,towerSubset,allGrowthForms,23 | 39,NEON.DOC.000987vJ,Y,Y,N,Y,Y,N,N,N,N,N,N,N,100,noneSelected,10,800,400,800,800,,,,,20230109T192059Z,RELEASE-2023
11b0e717-3367-4ccf-920a-2759e6986012,HARV_039.basePlot.vst,2021-07-26,,D01,HARV,HARV_039,tower,mixedForest,42.533247,-72.17769,WGS84,20.2,731783.62,4712845.59,18N,373.2,0.2,OK,vst_HARV_2021,towerSubset,allGrowthForms,39 | 41,NEON.DOC.000987vJ,Y,Y,N,Y,Y,N,N,N,N,N,N,N,100,noneSelected,25,800,400,800,800,,,,,20230109T192059Z,RELEASE-2023
e97d51bd-3f5a-4194-943c-e7995d5b1dbc,HARV_040.basePlot.vst,2021-07-26,,D01,HARV,HARV_040,tower,mixedForest,42.539918,-72.175931,WGS84,20.1,731903.38,4713591.23,18N,342.8,0.1,OK,vst_HARV_2021,towerSubset,allGrowthForms,23 | 41,NEON.DOC.000987vJ,Y,Y,N,Y,Y,N,N,N,N,N,N,N,1,noneSelected,1,800,4,800,800,,,,,20230109T192059Z,RELEASE-2023
8520b65b-3401-41f7-8be6-cc166422bc95,HARV_034.basePlot.vst,2021-07-26,,D01,HARV,HARV_034,tower,evergreenForest,42.535686,-72.177968,WGS84,20.3,731751.76,4713115.68,18N,372.1,0.4,OK,vst_HARV_2021,towerSubset,allGrowthForms,23 | 39,NEON.DOC.000987vJ,Y,Y,N,Y,Y,N,N,N,N,N,N,N,10,noneSelected,100,800,40,800,800,,,,,20230109T192059Z,RELEASE-2023
49c9d554-ac17-4aa4-9985-93dc38036205,HARV_033.basePlot.vst,2022-07-14,,D01,HARV,HARV_033,tower,deciduousForest,42.538302,-72.175607,WGS84,20.2,731935.97,4713412.66,18N,358.8,0.2,OK,vst_HARV_2022,towerSubset,allGrowthForms,21 | 23,NEON.DOC.000987vK,Y,Y,N,Y,Y,N,N,N,N,N,N,N,100,noneSelected,100,800,400,800,400,,,,,20230403T213012Z,PROVISIONAL
d13bb49e-28ec-4afb-ab4d-6b21343cf963,HARV_034.basePlot.vst,2022-07-14,,D01,HARV,HARV_034,tower,evergreenForest,42.535686,-72.177968,WGS84,20.3,731751.76,4713115.68,18N,372.1,0.4,OK,vst_HARV_2022,towerSubset,allGrowthForms,23 | 39,NEON.DOC.000987vK,Y,Y,N,Y,Y,N,N,N,N,N,N,N,25,noneSelected,100,800,40,800,400,,,,,20230403T213012Z,PROVISIONAL
5dfb3eb9-f7bb-4667-81ae-e437291c9743,HARV_039.basePlot.vst,2022-07-14,,D01,HARV,HARV_039,tower,mixedForest,42.533247,-72.17769,WGS84,20.2,731783.62,4712845.59,18N,373.2,0.2,OK,vst_HARV_2022,towerSubset,allGrowthForms,39 | 41,NEON.DOC.000987vK,Y,Y,N,Y,Y,N,N,N,N,N,N,N,100,noneSelected,25,800,400,800,100,,,,,20230403T213012Z,PROVISIONAL
be19e39f-f67d-4a63-b12f-511aff7f0561,HARV_040.basePlot.vst,2022-07-14,,D01,HARV,HARV_040,tower,mixedForest,42.539918,-72.175931,WGS84,20.1,731903.38,4713591.23,18N,342.8,0.1,OK,vst_HARV_2022,towerSubset,allGrowthForms,23 | 41,NEON.DOC.000987vK,Y,Y,N,Y,Y,N,N,N,N,N,N,N,1,noneSelected,1,800,4,800,4,,,,,20230403T213012Z,PROVISIONAL
fe68b1c1-dfa4-4660-929a-c4643a156955,HARV_038.basePlot.vst,2022-07-14,,D01,HARV,HARV_038,tower,mixedForest,42.537334,-72.177877,WGS84,20.2,731753.13,4713298.95,18N,367.4,0.3,OK,vst_HARV_2022,towerSubset,allGrowthForms,23 | 39,NEON.DOC.000987vK,Y,Y,N,Y,Y,N,N,N,N,N,N,N,100,noneSelected,10,800,400,800,40,,,,,20230403T213012Z,PROVISIONAL
