uid,namedLocation,date,nonwoodyCollectDate,domainID,siteID,plotID,plotType,nlcdClass,decimalLatitude,decimalLongitude,geodeticDatum,coordinateUncertainty,easting,northing,utmZone,elevation,elevationUncertainty,samplingImpractical,eventID,eventType,dataCollected,subplotsSampled,samplingProtocolVersion,targetTaxaPresent,woodyTargetTaxaPresent,nonWoodyTargetTaxaPresent,treesPresent,shrubsPresent,lianasPresent,cactiPresent,fernsPresent,yuccasPresent,palmsPresent,ocotillosPresent,xerophyllumPresent,treeFernsPresent,nestedSubplotAreaShrubSapling,nestedSubplotAreaLiana,nestedSubplotAreaFerns,nestedSubplotAreaOther,totalSampledAreaTrees,totalSampledAreaShrubSapling,totalSampledAreaLiana,totalSampledAreaFerns,totalSampledAreaOther,remarks,measuredBy,recordedBy,dataQF,publicationDate,release
c5b51947-2587-4d10-a5bb-3a5fd82945b4,HARV_013.basePlot.vst,2014-01-13,,D01,HARV,HARV_013,distributed,evergreenForest,42.392282,-72.254598,WGS84,20.2,725973.86,4696983.89,18N,184.6,0.2,,vst_HARV_2014,,,31_100|32_100|40_100|41_100,NEON.DOC.000987vD,,,,,,,,,,,,,,1,noneSelected,,noneSelected,400,8,400,,400,QC: No Errors,D01KMG16,,legacyData,20231226T223825Z,RELEASE-2024
9d185a00-5e1e-4772-a1a5-6b9987f121ca,HARV_022.basePlot.vst,2014-02-07,,D01,HARV,HARV_022,distributed,evergreenForest,42.434188,-72.198776,WGS84,20.2,730415.32,4701787.58,18N,193.5,0.3,,vst_HARV_2014,,,31_100|32_100|40_100|41_100,NEON.DOC.000987vD,,,,,,,,,,,,,,noneSelected,noneSelected,,noneSelected,400,400,400,,400,QC: No Error,D01DRC25,,legacyData,20231226T224118Z,RELEASE-2024
e16892e5-4848-40d7-9ff1-5e3a4f3ae1fd,HARV_008.basePlot.vst,2014-05-27,,D01,HARV,HARV_008,distributed,deciduousForest,42.444557,-72.226082,WGS84,20.2,728131.45,4702865.25,18N,242.2,0.2,,vst_HARV_2014,,,31_100|32_100|40_100|41_100,NEON.DOC.000987vD,,,,,,,,,,,,,,10,noneSelected,,10,400,80,400,,80,,D01LEL27,,legacyData,20231226T225622Z,RELEASE-2024
ea11abff-98c9-4a6b-99ce-140441bce93f,HARV_004.basePlot.vst,2014-07-25,,D01,HARV,HARV_004,distributed,mixedForest,42.427091,-72.229737,WGS84,20.2,727894.17,4700915.85,18N,199.7,0.2,,vst_HARV_2014,,,31_100|32_100|40_100|41_100,NEON.DOC.000987vD,,,,,,,,,,,,,,noneSelected,noneSelected,,10,400,400,400,,80,"",D01LEL27,,legacyData,20231226T230304Z,RELEASE-2024
8e5856b7-aa97-4e1f-92c3-ecd69e253ed4,HARV_024.basePlot.vst,2014-07-29,,D01,HARV,HARV_024,distributed,woodyWetlands,42.460002,-72.250871,WGS84,20.1,726037.03,4704514.04,18N,175,0.1,,vst_HARV_2014,,,31_100|32_100|40_100|41_100,NEON.DOC.000987vD,,,,,,,,,,,,,,unknown,unknown,,unknown,400,,,,,"","",,legacyData,20231226T230304Z,RELEASE-2024
c3bc0353-f653-4223-8179-56604428cb92,HARV_006.basePlot.vst,2014-07-30,,D01,HARV,HARV_006,distributed,deciduousForest,42.403087,-72.25372,WGS84,20.1,726007.33,4698186.1,18N,188.8,0.1,,vst_HARV_2014,,,31_100|32_100|40_100|41_100,NEON.DOC.000987vD,,,,,,,,,,,,,,noneSelected,noneSelected,,noneSelected,400,400,400,,400,"",D01DRC25,,legacyData,20231226T230304Z,RELEASE-2024
9cddec79-01a8-41e2-bcd0-7f8ec31a1b60,HARV_010.basePlot.vst,2014-07-30,,D01,HARV,HARV_010,distributed,mixedForest,42.424723,-72.254599,WGS84,20.1,725857.27,4700586.41,18N,206.9,0.1,,vst_HARV_2014,,,31_100|32_100|40_100|41_100,NEON.DOC.000987vD,,,,,,,,,,,,,,noneSelected,noneSelected,,noneSelected,400,400,400,,400,"",D01JLU02,,legacyData,20231226T230304Z,RELEASE-2024
0ad59ebc-3c27-4bdd-84d4-6e72ac01df3f,HARV_001.basePlot.vst,2014-07-30,,D01,HARV,HARV_001,distributed,deciduousForest,42.424246,-72.258285,WGS84,20.1,725555.73,4700523.64,18N,190,0.2,,vst_HARV_2014,,,31_100|32_100|40_100|41_100,NEON.DOC.000987vD,,,,,,,,,,,,,,noneSelected,noneSelected,,10,400,400,400,,80,"",D01JLU02,,legacyData,20231226T230304Z,RELEASE-2024
b1ce48b9-e296-409e-a6d9-6d19f4371a30,HARV_027.basePlot.vst,2014-07-31,,D01,HARV,HARV_027,distributed,evergreenForest,42.43035,-72.253258,WGS84,20.1,725947.38,4701214.85,18N,183.1,0.2,,vst_HARV_2014,,,31_100|32_100|40_100|41_100,NEON.DOC.000987vD,,,,,,,,,,,,,,noneSelected,noneSelected,,noneSelected,400,400,400,,400,"",D01JRS08,,legacyData,20231226T230304Z,RELEASE-2024
4cea9e3f-84d9-4834-96b4-74bed0ac7252,HARV_005.basePlot.vst,2014-07-31,,D01,HARV,HARV_005,distributed,deciduousForest,42.489469,-72.275158,WGS84,20.1,723934.82,4707721.88,18N,189.8,0.3,,vst_HARV_2014,,,31_100|32_100|40_100|41_100,NEON.DOC.000987vD,,,,,,,,,,,,,,unknown,unknown,,unknown,400,,,,,nested subplot sizes not recorded at time of measurement.,"",,legacyData,20231226T230304Z,RELEASE-2024
d5b2ab2a-7e5d-4f16-8c1f-ed19eb5a3448,HARV_035.basePlot.vst,2014-08-01,,D01,HARV,HARV_035,tower,evergreenForest,42.539966,-72.178072,WGS84,20.2,731727.38,4713590.7,18N,365.8,0.3,,vst_HARV_2014,,,"",NEON.DOC.000987vD,,,,,,,,,,,,,,noneSelected,noneSelected,,noneSelected,800,800,800,,800,"",D01GMV31,,legacyData,20231226T225109Z,RELEASE-2024
4f99b8ab-1058-4d08-973c-ecfdb116aab2,HARV_043.basePlot.vst,2014-08-01,,D01,HARV,HARV_043,tower,evergreenForest,42.541027,-72.176583,WGS84,20.1,731845.73,4713712.6,18N,354.4,0.2,,vst_HARV_2014,,,"",NEON.DOC.000987vD,,,,,,,,,,,,,,noneSelected,noneSelected,,noneSelected,800,800,800,,800,"",D01JRS08,,legacyData,20231226T225109Z,RELEASE-2024
087d1b98-5f2a-4d50-bf71-e6d33c215e93,HARV_037.basePlot.vst,2014-08-04,,D01,HARV,HARV_037,tower,evergreenForest,42.537308,-72.179312,WGS84,20.1,731635.38,4713292.13,18N,361.9,0.2,,vst_HARV_2014,,,"",NEON.DOC.000987vD,,,,,,,,,,,,,,noneSelected,noneSelected,,noneSelected,800,800,800,,800,"",D01SN112,,legacyData,20231226T225109Z,RELEASE-2024
5f499075-56e8-4a04-aa5b-9ce0e2319bee,HARV_023.basePlot.vst,2014-08-04,,D01,HARV,HARV_023,distributed,evergreenForest,42.414314,-72.226622,WGS84,20.2,728196.81,4699505.34,18N,170.4,0.2,,vst_HARV_2014,,,31_100|32_100|40_100|41_100,NEON.DOC.000987vD,,,,,,,,,,,,,,10,noneSelected,,noneSelected,400,80,400,,400,QC: NO ERRORS,D01EJH18,,legacyData,20231226T225109Z,RELEASE-2024
1cebee87-60e2-4940-b278-e6cd092d738c,HARV_020.basePlot.vst,2014-08-04,,D01,HARV,HARV_020,distributed,woodyWetlands,42.436767,-72.228878,WGS84,20.2,727929.75,4701992.66,18N,225.4,0.3,,vst_HARV_2014,,,31_100|32_100|40_100|41_100,NEON.DOC.000987vD,,,,,,,,,,,,,,noneSelected,noneSelected,,1,400,400,400,,8,QC: NO ERRORS,D01EJH18,,legacyData,20231226T225109Z,RELEASE-2024
b709d68b-be0d-4e17-90e1-8311b3960634,HARV_014.basePlot.vst,2014-08-05,,D01,HARV,HARV_014,distributed,mixedForest,42.471449,-72.265709,WGS84,20.1,724775.96,4705745.78,18N,199.4,0.2,,vst_HARV_2014,,,31_100|32_100|40_100|41_100,NEON.DOC.000987vD,,,,,,,,,,,,,,10,noneSelected,,noneSelected,400,80,400,,400,QC: NO ERRORS,D01DRC25,,legacyData,20231226T225109Z,RELEASE-2024
fe084962-2609-4f63-8e24-87b44054cd3e,HARV_025.basePlot.vst,2014-08-06,,D01,HARV,HARV_025,distributed,mixedForest,42.475428,-72.273927,WGS84,20.2,724086.14,4706165.89,18N,179.6,0.5,,vst_HARV_2014,,,31_100|32_100|40_100|41_100,NEON.DOC.000987vD,,,,,,,,,,,,,,noneSelected,noneSelected,,noneSelected,400,400,400,,400,"",D01KAK22,,legacyData,20231226T225109Z,RELEASE-2024
1b3e20fe-1bff-4793-9fb4-17654f7caf03,HARV_011.basePlot.vst,2014-08-06,,D01,HARV,HARV_011,distributed,deciduousForest,42.455924,-72.238278,WGS84,20.3,727087.27,4704094.82,18N,231.5,0.4,,vst_HARV_2014,,,31_100|32_100|40_100|41_100,NEON.DOC.000987vD,,,,,,,,,,,,,,noneSelected,noneSelected,,noneSelected,400,400,400,,400,"",D01SNI12,,legacyData,20231226T225109Z,RELEASE-2024
116e1cf7-1619-4a9a-a519-44b8a0d48769,HARV_012.basePlot.vst,2014-08-07,,D01,HARV,HARV_012,distributed,deciduousForest,42.429486,-72.239802,WGS84,20.2,727057.47,4701154.83,18N,233.3,0.2,,vst_HARV_2014,,,31_100|32_100|40_100|41_100,NEON.DOC.000987vD,,,,,,,,,,,,,,10,noneSelected,,noneSelected,400,80,400,,400,QC: NO ERRORS,D01KAK22,,legacyData,20231226T225109Z,RELEASE-2024
0fe75ff7-fefc-4773-b409-3029e40d1b0b,HARV_002.basePlot.vst,2014-08-07,,D01,HARV,HARV_002,distributed,deciduousForest,42.478565,-72.259572,WGS84,20.1,725254.96,4706552.29,18N,193.6,0.1,,vst_HARV_2014,,,31_100|32_100|40_100|41_100,NEON.DOC.000987vD,,,,,,,,,,,,,,noneSelected,noneSelected,,noneSelected,400,400,400,,400,trees mapped with compass so accuracy to nearest degree QC: no error EM,D01CEG10,,legacyData,20231226T225109Z,RELEASE-2024
e6ada441-ea6e-49a2-a237-1b0427ddd1bc,HARV_026.basePlot.vst,2014-08-08,,D01,HARV,HARV_026,distributed,evergreenForest,42.410762,-72.247271,WGS84,20.1,726510.45,4699055.59,18N,194.3,0.2,,vst_HARV_2014,,,31_100|32_100|40_100|41_100,NEON.DOC.000987vD,,,,,,,,,,,,,,10,noneSelected,,noneSelected,400,80,400,,400,QC: NO ERRORS,D01BAC30,,legacyData,20231226T225109Z,RELEASE-2024
3adfdd14-656e-4bc6-93ca-931afa765024,HARV_016.basePlot.vst,2014-08-11,,D01,HARV,HARV_016,distributed,woodyWetlands,42.45847,-72.231992,WGS84,20.1,727594.95,4704394.4,18N,232.2,0.3,,vst_HARV_2014,,,31_100|32_100|40_100|41_100,NEON.DOC.000987vD,,,,,,,,,,,,,,10,noneSelected,,noneSelected,400,80,400,,400,"",D01CEG10,,legacyData,20231226T225109Z,RELEASE-2024
2b2e1d4d-2701-415f-87b7-f9987909f896,HARV_021.basePlot.vst,2014-08-12,,D01,HARV,HARV_021,distributed,evergreenForest,42.45243,-72.250472,WGS84,20.1,726097.1,4703674.24,18N,175.1,0.1,,vst_HARV_2014,,,31_100|32_100|40_100|41_100,NEON.DOC.000987vD,,,,,,,,,,,,,,10,noneSelected,,noneSelected,400,80,400,,400,QC: NO ERRORS,D01KAK22,,legacyData,20231226T225109Z,RELEASE-2024
d37d9de3-14b7-4fd2-a018-a6ed998d087e,HARV_039.basePlot.vst,2014-08-12,,D01,HARV,HARV_039,tower,mixedForest,42.533247,-72.17769,WGS84,20.2,731783.62,4712845.59,18N,373.2,0.2,,vst_HARV_2014,,,"",NEON.DOC.000987vD,,,,,,,,,,,,,,noneSelected,noneSelected,,noneSelected,800,800,800,,800,"",D01LEL27,,legacyData,20231226T225109Z,RELEASE-2024
fb0335bf-60bf-4fcf-b2a6-2832d2390d22,HARV_045.basePlot.vst,2014-08-14,,D01,HARV,HARV_045,tower,deciduousForest,42.542078,-72.1713,WGS84,20.1,732275.68,4713843.79,18N,370,0.1,,vst_HARV_2014,,,"",NEON.DOC.000987vD,,,,,,,,,,,,,,noneSelected,noneSelected,,noneSelected,800,800,800,,800,QC: NO ERRORS,D01CEG10,,legacyData,20231226T225109Z,RELEASE-2024
e3bf2a36-ceae-47a7-9827-298b82571e42,HARV_035.basePlot.vst,2015-07-27,,D01,HARV,HARV_035,tower,evergreenForest,42.539966,-72.178072,WGS84,20.2,731727.38,4713590.7,18N,365.8,0.3,,vst_HARV_2015,,,,NEON.DOC.000987vD,,,,,,,,,,,,,,noneSelected,noneSelected,,noneSelected,800,800,800,,800,,gbreault@field-ops.org,auccello@field-ops.org,legacyData,20231226T235600Z,RELEASE-2024
e36ae8a6-6f9c-4690-a40a-2e1ae89298a8,HARV_006.basePlot.vst,2015-08-27,,D01,HARV,HARV_006,distributed,deciduousForest,42.403087,-72.25372,WGS84,20.1,726007.33,4698186.1,18N,188.8,0.1,,vst_HARV_2015,,,31_100|32_100|40_100|41_100,NEON.DOC.000987vD,,,,,,,,,,,,,,noneSelected,noneSelected,,noneSelected,400,400,400,,400,,sives@field-ops.org,nhall@field-ops.org,legacyData,20231226T233715Z,RELEASE-2024
acbd3bdd-250e-461d-913b-470e84bea2d1,HARV_004.basePlot.vst,2015-08-27,,D01,HARV,HARV_004,distributed,mixedForest,42.427091,-72.229737,WGS84,20.2,727894.17,4700915.85,18N,199.7,0.2,,vst_HARV_2015,,,31_100|32_100|40_100|41_100,NEON.DOC.000987vD,,,,,,,,,,,,,,10,noneSelected,,noneSelected,400,80,400,,400,,sives@field-ops.org,nhall@field-ops.org,legacyData,20231226T233715Z,RELEASE-2024
6a29e070-a24e-46cb-a28d-fbd8208e2cc5,HARV_027.basePlot.vst,2015-09-16,,D01,HARV,HARV_027,distributed,evergreenForest,42.43035,-72.253258,WGS84,20.1,725947.38,4701214.85,18N,183.1,0.2,,vst_HARV_2015,,,31_100|32_100|40_100|41_100,NEON.DOC.000987vD,,,,,,,,,,,,,,noneSelected,noneSelected,,noneSelected,400,400,400,,400,o transcription errors,dcrandall@neoninc.org,llukas@neoninc.org,legacyData,20231226T235849Z,RELEASE-2024
14aa1abd-d9d8-4f18-b692-709d73b52563,HARV_008.basePlot.vst,2015-09-17,,D01,HARV,HARV_008,distributed,deciduousForest,42.444557,-72.226082,WGS84,20.2,728131.45,4702865.25,18N,242.2,0.2,,vst_HARV_2015,,,31_100|32_100|40_100|41_100,NEON.DOC.000987vD,,,,,,,,,,,,,,10,noneSelected,,noneSelected,400,80,400,,400,no transcription errors found,sives@field-ops.org,llukas@field-ops.org,legacyData,20231226T235849Z,RELEASE-2024
c0ff7e9a-a091-4511-a3b7-89589d44788e,HARV_013.basePlot.vst,2015-09-21,,D01,HARV,HARV_013,distributed,evergreenForest,42.392282,-72.254598,WGS84,20.2,725973.86,4696983.89,18N,184.6,0.2,,vst_HARV_2015,,,31_100|32_100|40_100|41_100,NEON.DOC.000987vD,,,,,,,,,,,,,,noneSelected,noneSelected,,1,400,400,400,,8,"",dcrandall@neoninc.org,auccello@field-ops.org,legacyData,20231226T235849Z,RELEASE-2024
30b6f44a-72ef-4ba9-a69c-bb08f5b533c3,HARV_011.basePlot.vst,2015-09-22,,D01,HARV,HARV_011,distributed,deciduousForest,42.455924,-72.238278,WGS84,20.3,727087.27,4704094.82,18N,231.5,0.4,,vst_HARV_2015,,,31_100|32_100|40_100|41_100,NEON.DOC.000987vD,,,,,,,,,,,,,,10,noneSelected,,noneSelected,400,80,400,,400,"",ccahill@field-ops.org,ssmith@field-ops.org,legacyData,20231226T235849Z,RELEASE-2024
a201dc67-d548-4941-b9b3-73106a84c89e,HARV_026.basePlot.vst,2015-09-22,,D01,HARV,HARV_026,distributed,evergreenForest,42.410762,-72.247271,WGS84,20.1,726510.45,4699055.59,18N,194.3,0.2,,vst_HARV_2015,,,31_100|32_100|40_100|41_100,NEON.DOC.000987vD,,,,,,,,,,,,,,10,noneSelected,,noneSelected,400,80,400,,400,"",dcrandall@neoninc.org,gbreault@field-ops.org,legacyData,20231226T235849Z,RELEASE-2024
b88316b6-a4dc-444e-bdaf-d77d68909792,HARV_012.basePlot.vst,2015-09-22,,D01,HARV,HARV_012,distributed,deciduousForest,42.429486,-72.239802,WGS84,20.2,727057.47,4701154.83,18N,233.3,0.2,,vst_HARV_2015,,,31_100|32_100|40_100|41_100,NEON.DOC.000987vD,,,,,,,,,,,,,,10,noneSelected,,noneSelected,400,80,400,,400,"",gbreault@field-ops.org,ccahill@field-ops.org,legacyData,20231226T235849Z,RELEASE-2024
55459b5c-b439-4521-b80b-631214dc827b,HARV_020.basePlot.vst,2015-09-22,,D01,HARV,HARV_020,distributed,woodyWetlands,42.436767,-72.228878,WGS84,20.2,727929.75,4701992.66,18N,225.4,0.3,,vst_HARV_2015,,,31_100|32_100|40_100|41_100,NEON.DOC.000987vD,,,,,,,,,,,,,,25,noneSelected,,noneSelected,400,200,400,,400,"",ccahill@field-ops.org,gbreault@field-ops.org,legacyData,20231226T235849Z,RELEASE-2024
9bcfd914-574c-48c7-b77d-69ed5094b287,HARV_023.basePlot.vst,2015-09-23,,D01,HARV,HARV_023,distributed,evergreenForest,42.414314,-72.226622,WGS84,20.2,728196.81,4699505.34,18N,170.4,0.2,,vst_HARV_2015,,,31_100|32_100|40_100|41_100,NEON.DOC.000987vD,,,,,,,,,,,,,,10,noneSelected,,noneSelected,400,80,400,,400,"",ccahill@field-ops.org,gbreault@field-ops.org,legacyData,20231226T235849Z,RELEASE-2024
46bd994e-2526-4236-b66f-3d34c3b03325,HARV_022.basePlot.vst,2015-09-24,,D01,HARV,HARV_022,distributed,evergreenForest,42.434188,-72.198776,WGS84,20.2,730415.32,4701787.58,18N,193.5,0.3,,vst_HARV_2015,,,31_100|32_100|40_100|41_100,NEON.DOC.000987vD,,,,,,,,,,,,,,25,noneSelected,,noneSelected,400,200,400,,400,"",dcrandall@neoninc.org,dcrandall@neoninc.org,legacyData,20231226T235849Z,RELEASE-2024
0682aee3-283c-48ab-8ba7-97e265170d15,HARV_002.basePlot.vst,2015-09-28,,D01,HARV,HARV_002,distributed,deciduousForest,42.478565,-72.259572,WGS84,20.1,725254.96,4706552.29,18N,193.6,0.1,,vst_HARV_2015,,,31_100|32_100|40_100|41_100,NEON.DOC.000987vD,,,,,,,,,,,,,,10,noneSelected,,noneSelected,400,80,400,,400,"",dcrandall@neoninc.org,gbreault@field-ops.org,legacyData,20231226T235849Z,RELEASE-2024
5b582b90-f859-4583-99a0-5bd56b921713,HARV_024.basePlot.vst,2015-09-29,,D01,HARV,HARV_024,distributed,woodyWetlands,42.460002,-72.250871,WGS84,20.1,726037.03,4704514.04,18N,175,0.1,,vst_HARV_2015,,,31_100|32_100|40_100|41_100,NEON.DOC.000987vD,,,,,,,,,,,,,,10,noneSelected,,noneSelected,400,80,400,,400,"",dcrandall@neoninc.org,dcrandall@neoninc.org,legacyData,20231226T235849Z,RELEASE-2024
b28d940f-05df-4a8e-8dad-55dc9a5a108f,HARV_021.basePlot.vst,2015-10-01,,D01,HARV,HARV_021,distributed,evergreenForest,42.45243,-72.250472,WGS84,20.1,726097.1,4703674.24,18N,175.1,0.1,,vst_HARV_2015,,,31_100|32_100|40_100|41_100,NEON.DOC.000987vD,,,,,,,,,,,,,,noneSelected,noneSelected,,1,400,400,400,,8,"",dcrandall@neoninc.org,auccello@field-ops.org,legacyData,20231226T232418Z,RELEASE-2024
a6e94d16-bec2-4ad3-8a7e-c14d848febf0,HARV_016.basePlot.vst,2015-10-01,,D01,HARV,HARV_016,distributed,woodyWetlands,42.45847,-72.231992,WGS84,20.1,727594.95,4704394.4,18N,232.2,0.3,,vst_HARV_2015,,,31_100|32_100|40_100|41_100,NEON.DOC.000987vD,,,,,,,,,,,,,,10,noneSelected,,noneSelected,400,80,400,,400,"",gbreault@field-ops.org,dcrandall@neoninc.org,legacyData,20231226T232418Z,RELEASE-2024
96768b60-905e-47f0-9696-15cccfdf166d,HARV_014.basePlot.vst,2015-10-01,,D01,HARV,HARV_014,distributed,mixedForest,42.471449,-72.265709,WGS84,20.1,724775.96,4705745.78,18N,199.4,0.2,,vst_HARV_2015,,,31_100|32_100|40_100|41_100,NEON.DOC.000987vD,,,,,,,,,,,,,,10,noneSelected,,noneSelected,400,80,400,,400,"",dcrandall@neoninc.org,gbreault@field-ops.org,legacyData,20231226T232418Z,RELEASE-2024
e7a8dfc0-37ee-4346-b572-d014c78c8679,HARV_043.basePlot.vst,2015-10-02,,D01,HARV,HARV_043,tower,evergreenForest,42.541027,-72.176583,WGS84,20.1,731845.73,4713712.6,18N,354.4,0.2,,vst_HARV_2015,,,"",NEON.DOC.000987vD,,,,,,,,,,,,,,100,noneSelected,,noneSelected,800,400,800,,800,"",cgoranson@neoninc.org,gbreault@field-ops.org,legacyData,20231226T232418Z,RELEASE-2024
aa098fd1-e35b-4e39-b931-7344732669bb,HARV_037.basePlot.vst,2015-10-08,,D01,HARV,HARV_037,tower,evergreenForest,42.537308,-72.179312,WGS84,20.1,731635.38,4713292.13,18N,361.9,0.2,,vst_HARV_2015,,,"",NEON.DOC.000987vD,,,,,,,,,,,,,,10,noneSelected,,noneSelected,800,40,800,,800,"",dcrandall@neoninc.org,thillman@neoninc.org,legacyData,20231226T232418Z,RELEASE-2024
bc01145a-1fd5-44c9-97aa-6f17deb5fafd,HARV_045.basePlot.vst,2015-10-21,,D01,HARV,HARV_045,tower,deciduousForest,42.542078,-72.1713,WGS84,20.1,732275.68,4713843.79,18N,370,0.1,,vst_HARV_2015,,,"",NEON.DOC.000987vD,,,,,,,,,,,,,,100,noneSelected,,noneSelected,800,400,800,,800,"",gbreault@field-ops.org,thillman@neoninc.org,legacyData,20231226T232418Z,RELEASE-2024
840cabdb-145c-4518-9b2d-9a74f4257798,HARV_038.basePlot.vst,2015-10-21,,D01,HARV,HARV_038,tower,mixedForest,42.537334,-72.177877,WGS84,20.2,731753.13,4713298.95,18N,367.4,0.3,,vst_HARV_2015,,,"",NEON.DOC.000987vD,,,,,,,,,,,,,,100,noneSelected,,noneSelected,800,400,800,,800,"",thillman@neoninc.org,thillman@neoninc.org,legacyData,20231226T232418Z,RELEASE-2024
2754db42-0f2d-48c4-8d50-7001238a8949,HARV_041.basePlot.vst,2015-10-21,,D01,HARV,HARV_041,tower,evergreenForest,42.536795,-72.180797,WGS84,20.1,731515.32,4713231.1,18N,361.6,0.2,,vst_HARV_2015,,,"",NEON.DOC.000987vD,,,,,,,,,,,,,,100,noneSelected,,noneSelected,800,400,800,,800,"",llukas@neoninc.org,thillman@neoninc.org,legacyData,20231226T232418Z,RELEASE-2024
27129f2a-f8ab-45e5-a1cb-c28854d1a6da,HARV_050.basePlot.vst,2015-10-22,,D01,HARV,HARV_050,tower,mixedForest,42.53627,-72.179357,WGS84,20.2,731635.52,4713176.74,18N,368.4,0.4,,vst_HARV_2015,,,"",NEON.DOC.000987vD,,,,,,,,,,,,,,100,noneSelected,,noneSelected,800,400,800,,800,"",auccello@field-ops.org,thillman@neoninc.org,legacyData,20231226T232418Z,RELEASE-2024
7da0cc66-90ed-419e-be1b-6aeab7482050,HARV_048.basePlot.vst,2015-10-22,,D01,HARV,HARV_048,tower,mixedForest,42.541304,-72.178017,WGS84,20.2,731726.94,4713739.43,18N,360.7,0.3,,vst_HARV_2015,,,"",NEON.DOC.000987vD,,,,,,,,,,,,,,100,noneSelected,,noneSelected,800,400,800,,800,no transcription errors found,dcrandall@neoninc.org,dcrandall@neoninc.org,legacyData,20231226T232418Z,RELEASE-2024
c8080952-92db-4248-bed8-72ea6e918b5e,HARV_052.basePlot.vst,2015-10-22,,D01,HARV,HARV_052,tower,mixedForest,42.54213,-72.176577,WGS84,20.3,731842.14,4713835.11,18N,358.9,0.3,,vst_HARV_2015,,,"",NEON.DOC.000987vD,,,,,,,,,,,,,,noneSelected,noneSelected,,noneSelected,800,800,800,,800,Not enough qualifying trees for nested,dcrandall@neoninc.org,thillman@neoninc.org,legacyData,20231226T232418Z,RELEASE-2024
626da84a-ac80-438b-a3b9-5575e9cd0635,HARV_036.basePlot.vst,2015-10-22,,D01,HARV,HARV_036,tower,deciduousForest,42.542123,-72.173119,WGS84,20.1,732126.13,4713843.8,18N,368.2,0.2,,vst_HARV_2015,,,"",NEON.DOC.000987vD,,,,,,,,,,,,,,25,noneSelected,,noneSelected,800,100,800,,800,no transcription errors found,dcrandall@neoninc.org,llukas@neoninc.org,legacyData,20231226T232418Z,RELEASE-2024
812becac-c856-4a65-bc94-c1e5fc3e46c0,HARV_049.basePlot.vst,2015-10-26,,D01,HARV,HARV_049,tower,mixedForest,42.535171,-72.179779,WGS84,20.3,731604.93,4713053.54,18N,370,0.3,,vst_HARV_2015,,,"",NEON.DOC.000987vD,,,,,,,,,,,,,,100,noneSelected,,noneSelected,800,400,800,,800,no transcription errors found,dcrandall@neoninc.org,llukas@field-ops.org,legacyData,20231226T232418Z,RELEASE-2024
c785aaa0-aa4b-4e07-a051-04cf404f6213,HARV_047.basePlot.vst,2015-10-26,,D01,HARV,HARV_047,tower,deciduousForest,42.536689,-72.175706,WGS84,20.2,731933.82,4713233.26,18N,367.3,0.4,,vst_HARV_2015,,,"",NEON.DOC.000987vD,,,,,,,,,,,,,,25,noneSelected,,noneSelected,800,100,800,,800,no transcription errors found,dcrandall@neoninc.org,llukas@neoninc.org,legacyData,20231226T232418Z,RELEASE-2024
a194cd09-0ca5-42df-b200-2d6b2eab401f,HARV_044.basePlot.vst,2015-10-27,,D01,HARV,HARV_044,tower,deciduousForest,42.535376,-72.176486,WGS84,20.1,731874.62,4713085.32,18N,365.8,0.1,,vst_HARV_2015,,,"",NEON.DOC.000987vD,,,,,,,,,,,,,,25,noneSelected,,noneSelected,800,100,800,,800,no transcription errors found,gbreault@field-ops.org,llukas@neoninc.org,legacyData,20231226T232418Z,RELEASE-2024
e469c4dd-ddbe-48cc-9486-2519b0e43403,HARV_046.basePlot.vst,2015-11-04,,D01,HARV,HARV_046,tower,mixedForest,42.537915,-72.180759,WGS84,20.3,731514.3,4713355.58,18N,361.4,0.3,,vst_HARV_2015,,,,NEON.DOC.000987vD,,,,,,,,,,,,,,10,noneSelected,,noneSelected,800,40,800,,800,"",cgoranson@neoninc.org,llukas@neoninc.org,legacyData,20231226T232107Z,RELEASE-2024
fbb60cbf-1a2d-4e06-9c24-af31f10d166d,HARV_040.basePlot.vst,2015-11-04,,D01,HARV,HARV_040,tower,mixedForest,42.539918,-72.175931,WGS84,20.1,731903.38,4713591.23,18N,342.8,0.1,,vst_HARV_2015,,,,NEON.DOC.000987vD,,,,,,,,,,,,,,1,noneSelected,,noneSelected,800,4,800,,800,"",cgoranson@neoninc.org,llukas@neoninc.org,legacyData,20231226T232107Z,RELEASE-2024
ee809f78-6c14-4a15-a008-e84822c1450b,HARV_051.basePlot.vst,2015-11-05,,D01,HARV,HARV_051,tower,mixedForest,42.534078,-72.179146,WGS84,20.3,731660.96,4712933.89,18N,370,0.4,,vst_HARV_2015,,,,NEON.DOC.000987vD,,,,,,,,,,,,,,100,noneSelected,,noneSelected,800,400,800,,800,no transcription errors,thillman@neoninc.org,llukas@neoninc.org,legacyData,20231226T232107Z,RELEASE-2024
a95bd16e-440b-471d-ab28-640cddc0a776,HARV_033.basePlot.vst,2015-11-05,,D01,HARV,HARV_033,tower,deciduousForest,42.538302,-72.175607,WGS84,20.2,731935.97,4713412.66,18N,358.8,0.2,,vst_HARV_2015,,,,NEON.DOC.000987vD,,,,,,,,,,,,,,100,noneSelected,,noneSelected,800,400,800,,800,no transcription errors,llukas@neoninc.org,llukas@neoninc.org,legacyData,20231226T232107Z,RELEASE-2024
39aa2d9d-dc7f-409d-913e-2273e17e63a1,HARV_034.basePlot.vst,2015-11-13,,D01,HARV,HARV_034,tower,evergreenForest,42.535686,-72.177968,WGS84,20.3,731751.76,4713115.68,18N,372.1,0.4,,vst_HARV_2015,,,,NEON.DOC.000987vD,,,,,,,,,,,,,,10,noneSelected,,noneSelected,800,40,800,,800,no transcription errors,cgoranson@neoninc.org,llukas@neoninc.org,legacyData,20231226T232107Z,RELEASE-2024
36ce6a1c-a987-42e2-bfe8-5ea2a678aca1,HARV_039.basePlot.vst,2015-11-17,,D01,HARV,HARV_039,tower,mixedForest,42.533247,-72.17769,WGS84,20.2,731783.62,4712845.59,18N,373.2,0.2,,vst_HARV_2015,,,,NEON.DOC.000987vD,,,,,,,,,,,,,,100,noneSelected,,noneSelected,800,400,800,,800,no transcription errors,cgoranson@neoninc.org,llukas@neoninc.org,legacyData,20231226T232107Z,RELEASE-2024
bd5513e1-e2ad-43ad-bf0c-83311b5ead43,HARV_042.basePlot.vst,2015-11-18,,D01,HARV,HARV_042,tower,mixedForest,42.534167,-72.176562,WGS84,20.1,731872.86,4712950.85,18N,371,0.1,,vst_HARV_2015,,,,NEON.DOC.000987vD,,,,,,,,,,,,,,10,noneSelected,,noneSelected,800,40,800,,800,no transcription errors,dcrandall@neoninc.org,cgoranson@neoninc.org,legacyData,20231226T232107Z,RELEASE-2024
b04acf26-856e-492b-8c7b-bef14a673806,HARV_042.basePlot.vst,2016-07-25,,D01,HARV,HARV_042,tower,mixedForest,42.534167,-72.176562,WGS84,20.1,731872.86,4712950.85,18N,371,0.1,,vst_HARV_2016,,,,NEON.DOC.000987vE,Y,,"",Y,Y,N,N,Y,N,N,N,N,,10,noneSelected,,25,800,40,800,,100,"",chines@field-ops.org,gvanscoy@field-ops.org,,20231227T015038Z,RELEASE-2024
6b029389-cf4a-4b96-87b2-1c86bffe2b5d,HARV_039.basePlot.vst,2016-07-25,,D01,HARV,HARV_039,tower,mixedForest,42.533247,-72.17769,WGS84,20.2,731783.62,4712845.59,18N,373.2,0.2,,vst_HARV_2016,,,,NEON.DOC.000987vE,Y,,"",Y,N,N,N,Y,N,N,N,N,,100,noneSelected,,25,800,400,800,,100,Nested Subplot 3 of Subplot 39 and Nested Subplot 1 of Subplot 41 contained no target taxa.,chines@field-ops.org,gvanscoy@field-ops.org,,20231227T015038Z,RELEASE-2024
f797b4b0-d532-452a-9d3d-bc71c391f23c,HARV_036.basePlot.vst,2016-07-25,,D01,HARV,HARV_036,tower,deciduousForest,42.542123,-72.173119,WGS84,20.1,732126.13,4713843.8,18N,368.2,0.2,,vst_HARV_2016,,,,NEON.DOC.000987vE,Y,,"",Y,N,N,N,Y,N,N,N,N,,25,noneSelected,,1,800,100,800,,4,"",gvanscoy@field-ops.org,chines@field-ops.org,,20231227T015038Z,RELEASE-2024
b54ce192-6018-40f4-9a70-870d78986a28,HARV_045.basePlot.vst,2016-07-25,,D01,HARV,HARV_045,tower,deciduousForest,42.542078,-72.1713,WGS84,20.1,732275.68,4713843.79,18N,370,0.1,,vst_HARV_2016,,,,NEON.DOC.000987vE,Y,,"",Y,N,N,N,Y,N,N,N,N,,100,noneSelected,,25,800,400,800,,100,"",gvanscoy@field-ops.org,chines@field-ops.org,,20231227T015038Z,RELEASE-2024
eaeeac18-ee22-4e03-bb6a-8d004a5ac091,HARV_044.basePlot.vst,2016-07-26,,D01,HARV,HARV_044,tower,deciduousForest,42.535376,-72.176486,WGS84,20.1,731874.62,4713085.32,18N,365.8,0.1,,vst_HARV_2016,,,,NEON.DOC.000987vE,Y,,"",Y,Y,N,N,Y,N,N,N,N,,25,noneSelected,,10,800,100,800,,40,"",gvanscoy@field-ops.org,mday@field-ops.org,,20231227T015038Z,RELEASE-2024
fb050aca-042f-4a68-ba85-b231e26909bb,HARV_034.basePlot.vst,2016-07-26,,D01,HARV,HARV_034,tower,evergreenForest,42.535686,-72.177968,WGS84,20.3,731751.76,4713115.68,18N,372.1,0.4,,vst_HARV_2016,,,,NEON.DOC.000987vE,Y,,"",Y,N,N,N,Y,N,N,N,N,,noneSelected,noneSelected,,100,800,800,800,,400,"",mday@field-ops.org,gvanscoy@field-ops.org,,20231227T015038Z,RELEASE-2024
c6cf268d-2b1d-42a7-aa8d-011892f3f469,HARV_050.basePlot.vst,2016-07-27,,D01,HARV,HARV_050,tower,mixedForest,42.53627,-72.179357,WGS84,20.2,731635.52,4713176.74,18N,368.4,0.4,,vst_HARV_2016,,,,NEON.DOC.000987vE,Y,,"",Y,Y,N,N,Y,N,N,N,N,,100,noneSelected,,noneSelected,800,400,800,,800,"",chines@field-ops.org,gvanscoy@field-ops.org,,20231227T015038Z,RELEASE-2024
129a08ae-8863-4471-bd7d-6e51de7f5268,HARV_038.basePlot.vst,2016-07-27,,D01,HARV,HARV_038,tower,mixedForest,42.537334,-72.177877,WGS84,20.2,731753.13,4713298.95,18N,367.4,0.3,,vst_HARV_2016,,,,NEON.DOC.000987vE,Y,,"",Y,Y,N,N,Y,N,N,N,N,,100,noneSelected,,10,800,400,800,,40,"",chines@field-ops.org,gvanscoy@field-ops.org,,20231227T015038Z,RELEASE-2024
b9af5f06-f9bf-45d5-bc80-b5c7a950c6c8,HARV_049.basePlot.vst,2016-07-27,,D01,HARV,HARV_049,tower,mixedForest,42.535171,-72.179779,WGS84,20.3,731604.93,4713053.54,18N,370,0.3,,vst_HARV_2016,,,,NEON.DOC.000987vE,Y,,"",Y,Y,N,N,Y,N,N,N,N,,100,noneSelected,,100,800,400,800,,400,"",chines@field-ops.org,gvanscoy@field-ops.org,,20231227T015038Z,RELEASE-2024
eaf34ca7-1e3e-4d20-a2ba-d96c1334eb6d,HARV_037.basePlot.vst,2016-07-27,,D01,HARV,HARV_037,tower,evergreenForest,42.537308,-72.179312,WGS84,20.1,731635.38,4713292.13,18N,361.9,0.2,,vst_HARV_2016,,,,NEON.DOC.000987vE,Y,,"",Y,N,N,N,Y,N,N,N,N,,noneSelected,noneSelected,,noneSelected,800,800,800,,800,"",chines@field-ops.org,gvanscoy@field-ops.org,,20231227T015038Z,RELEASE-2024
3f296c81-7446-4663-98e5-53e76c945c53,HARV_041.basePlot.vst,2016-07-27,,D01,HARV,HARV_041,tower,evergreenForest,42.536795,-72.180797,WGS84,20.1,731515.32,4713231.1,18N,361.6,0.2,,vst_HARV_2016,,,,NEON.DOC.000987vE,Y,,"",Y,Y,N,N,Y,N,N,N,N,,100,noneSelected,,100,800,400,800,,400,"",chines@field-ops.org,gvanscoy@field-ops.org,,20231227T015038Z,RELEASE-2024
8572ea55-7186-48df-ac40-d5a11debd9b4,HARV_035.basePlot.vst,2016-07-28,,D01,HARV,HARV_035,tower,evergreenForest,42.539966,-72.178072,WGS84,20.2,731727.38,4713590.7,18N,365.8,0.3,,vst_HARV_2016,,,,NEON.DOC.000987vE,Y,,N,Y,N,N,N,N,N,N,N,N,,noneSelected,noneSelected,,noneSelected,800,800,800,,800,"",gvanscoy@field-ops.org,jwebber@field-ops.org,,20231227T015038Z,RELEASE-2024
b31022ec-0d4d-44bd-b951-c781f7581706,HARV_043.basePlot.vst,2016-07-28,,D01,HARV,HARV_043,tower,evergreenForest,42.541027,-72.176583,WGS84,20.1,731845.73,4713712.6,18N,354.4,0.2,,vst_HARV_2016,,,,NEON.DOC.000987vE,Y,,"",Y,N,N,N,Y,N,N,N,N,,100,noneSelected,,noneSelected,800,400,800,,800,"",gvanscoy@field-ops.org,jwebber@field-ops.org,,20231227T015038Z,RELEASE-2024
d4e8ec1c-4dd6-4104-af18-3175517ec73e,HARV_040.basePlot.vst,2016-07-28,,D01,HARV,HARV_040,tower,mixedForest,42.539918,-72.175931,WGS84,20.1,731903.38,4713591.23,18N,342.8,0.1,,vst_HARV_2016,,,,NEON.DOC.000987vE,Y,,"",Y,Y,N,N,Y,N,N,N,N,,1,noneSelected,,1,800,4,800,,4,"",gvanscoy@field-ops.org,jwebber@field-ops.org,,20231227T015038Z,RELEASE-2024
fb0d3642-5e38-458d-becc-8776f3ac9a2a,HARV_020.basePlot.vst,2016-08-09,,D01,HARV,HARV_020,distributed,woodyWetlands,42.436767,-72.228878,WGS84,20.2,727929.75,4701992.66,18N,225.4,0.3,,vst_HARV_2016,,,31_100|32_100|40_100|41_100,NEON.DOC.000987vE,Y,,"",Y,Y,N,N,Y,N,N,N,N,,25,noneSelected,,1,400,200,400,,8,ca. 10% of ferns have senesced because of the drought. Nested SubPlot 3 of SubPlot 40 contained no measurable ferns. Two OSCIC have senesced beyond measurability.,nflannery@field-ops.org,llukas@neoninc.org,,20231227T012635Z,RELEASE-2024
823fd2a8-6877-4a9d-91ef-42f76d37fd46,HARV_011.basePlot.vst,2016-08-09,,D01,HARV,HARV_011,distributed,deciduousForest,42.455924,-72.238278,WGS84,20.3,727087.27,4704094.82,18N,231.5,0.4,,vst_HARV_2016,,,31_100|32_100|40_100|41_100,NEON.DOC.000987vE,Y,,"",Y,Y,N,N,Y,N,N,N,N,,10,noneSelected,,1,400,80,400,,8,"",nflannery@field-ops.org,llukas@neoninc.org,,20231227T012635Z,RELEASE-2024
8722af1b-2b88-44d7-877e-56dd36d76220,HARV_016.basePlot.vst,2016-08-10,,D01,HARV,HARV_016,distributed,woodyWetlands,42.45847,-72.231992,WGS84,20.1,727594.95,4704394.4,18N,232.2,0.3,,vst_HARV_2016,,,31_100|32_100|40_100|41_100,NEON.DOC.000987vE,Y,,"",Y,Y,N,N,Y,N,N,N,N,,10,noneSelected,,1,400,80,400,,8,"",mday@field-ops.org,nflannery@field-ops.org,,20231227T012635Z,RELEASE-2024
e1c62d32-e9af-48be-bc17-fc2a7380de62,HARV_048.basePlot.vst,2016-08-17,,D01,HARV,HARV_048,tower,mixedForest,42.541304,-72.178017,WGS84,20.2,731726.94,4713739.43,18N,360.7,0.3,,vst_HARV_2016,,,"",NEON.DOC.000987vE,Y,,N,Y,Y,N,N,N,N,N,N,N,,100,noneSelected,,noneSelected,800,400,800,,800,"",nflannery@field-ops.org,llukas@battelleecology.org,,20231227T012635Z,RELEASE-2024
c0fe9135-f8fc-425f-bf4a-f4ab20d67341,HARV_052.basePlot.vst,2016-08-24,,D01,HARV,HARV_052,tower,mixedForest,42.54213,-72.176577,WGS84,20.3,731842.14,4713835.11,18N,358.9,0.3,,vst_HARV_2016,,,"",NEON.DOC.000987vE,Y,,"",Y,N,N,N,Y,N,N,N,N,,noneSelected,noneSelected,,noneSelected,800,800,800,,800,"",eeimers@field-ops.org,gvanscoy@field-ops.org,,20231227T012635Z,RELEASE-2024
2a6d12d9-c5a7-47ef-9f2a-dcbfc7bfd105,HARV_046.basePlot.vst,2016-09-26,,D01,HARV,HARV_046,tower,mixedForest,42.537915,-72.180759,WGS84,20.3,731514.3,4713355.58,18N,361.4,0.3,,vst_HARV_2016,,,,NEON.DOC.000987vE,Y,,"",Y,Y,N,N,Y,N,N,N,N,,10,noneSelected,,10,800,40,800,,40,,llukas@neoninc.org,gvanscoy@field-ops.org,,20231227T010547Z,RELEASE-2024
ed0a1e33-228c-40ce-8c18-303dbde7c7f8,HARV_047.basePlot.vst,2016-09-28,,D01,HARV,HARV_047,tower,deciduousForest,42.536689,-72.175706,WGS84,20.2,731933.82,4713233.26,18N,367.3,0.4,,vst_HARV_2016,,,,NEON.DOC.000987vE,Y,,N,Y,Y,N,N,N,N,N,N,N,,25,noneSelected,,noneSelected,800,100,800,,800,,gvanscoy@field-ops.org,mday@field-ops.org,,20231227T010547Z,RELEASE-2024
dbf12ced-df0e-4b88-839d-3ec1ec681bb1,HARV_051.basePlot.vst,2016-10-05,,D01,HARV,HARV_051,tower,mixedForest,42.534078,-72.179146,WGS84,20.3,731660.96,4712933.89,18N,370,0.4,,vst_HARV_2016,,,,NEON.DOC.000987vE,Y,,N,Y,Y,N,N,N,N,N,N,N,,100,noneSelected,,noneSelected,800,400,800,,800,,mday@field-ops.org,chines@field-ops.org,,20231227T014811Z,RELEASE-2024
2a22c57b-6a18-4a78-8d0e-242b004d947f,HARV_033.basePlot.vst,2016-10-10,,D01,HARV,HARV_033,tower,deciduousForest,42.538302,-72.175607,WGS84,20.2,731935.97,4713412.66,18N,358.8,0.2,,vst_HARV_2016,,,,NEON.DOC.000987vE,N,,"","","","","","","","","","",,100,noneSelected,,100,800,400,800,,400,,mday@field-ops.org,jwebber@field-ops.org,,20231227T014811Z,RELEASE-2024
ba607f3e-b914-4b72-8e7c-595e13e96578,HARV_045.basePlot.vst,2017-07-10,,D01,HARV,HARV_045,tower,deciduousForest,42.542078,-72.1713,WGS84,20.1,732275.68,4713843.79,18N,370,0.1,,vst_HARV_2017,,,21_400|23_400,NEON.DOC.000987vG,Y,,"",Y,N,N,N,Y,N,N,N,N,,100,noneSelected,,25,800,400,800,,100,,gvanscoy@field-ops.org,jwebber@field-ops.org,,20231227T033803Z,RELEASE-2024
e188149b-9735-4f00-8746-b125f6a0096f,HARV_043.basePlot.vst,2017-07-10,,D01,HARV,HARV_043,tower,evergreenForest,42.541027,-72.176583,WGS84,20.1,731845.73,4713712.6,18N,354.4,0.2,,vst_HARV_2017,,,21_400|39_400,NEON.DOC.000987vG,Y,,"",Y,N,N,N,Y,N,N,N,N,,100,noneSelected,,noneSelected,800,400,800,,800,,gvanscoy@field-ops.org,jwebber@field-ops.org,,20231227T033803Z,RELEASE-2024
ce6a39b1-ca32-4947-bfd1-20417e59655e,HARV_036.basePlot.vst,2017-07-10,,D01,HARV,HARV_036,tower,deciduousForest,42.542123,-72.173119,WGS84,20.1,732126.13,4713843.8,18N,368.2,0.2,,vst_HARV_2017,,,21_400|23_400,NEON.DOC.000987vG,Y,,"",Y,N,N,N,Y,N,N,N,N,,25,noneSelected,,1,800,100,800,,4,,gvanscoy@field-ops.org,jwebber@field-ops.org,,20231227T033803Z,RELEASE-2024
d4117056-09bd-4f2d-bab6-52ddfc20ee52,HARV_052.basePlot.vst,2017-07-11,,D01,HARV,HARV_052,tower,mixedForest,42.54213,-72.176577,WGS84,20.3,731842.14,4713835.11,18N,358.9,0.3,,vst_HARV_2017,,,23_400|41_400,NEON.DOC.000987vG,Y,,"",Y,N,N,N,Y,N,N,N,N,,noneSelected,noneSelected,,noneSelected,800,800,800,,800,,jbreault@field-ops.org,jwebber@field-ops.org,,20231227T033803Z,RELEASE-2024
37f13320-4370-4532-997e-9b79fe688d0d,HARV_037.basePlot.vst,2017-07-11,,D01,HARV,HARV_037,tower,evergreenForest,42.537308,-72.179312,WGS84,20.1,731635.38,4713292.13,18N,361.9,0.2,,vst_HARV_2017,,,23_400|41_400,NEON.DOC.000987vG,Y,,"",Y,N,N,N,Y,N,N,N,N,,10,noneSelected,,noneSelected,800,40,800,,800,,jbreault@field-ops.org,jwebber@field-ops.org,,20231227T033803Z,RELEASE-2024
de4a2c64-4cd2-4a9f-9023-ead718e0cf89,HARV_035.basePlot.vst,2017-07-11,,D01,HARV,HARV_035,tower,evergreenForest,42.539966,-72.178072,WGS84,20.2,731727.38,4713590.7,18N,365.8,0.3,,vst_HARV_2017,,,21_400|23_400,NEON.DOC.000987vG,Y,,N,Y,N,N,N,N,N,N,N,N,,100,noneSelected,,noneSelected,800,400,800,,800,,jbreault@field-ops.org,jwebber@field-ops.org,,20231227T033803Z,RELEASE-2024
251052f2-e8bd-430c-a789-0d658b41d16f,HARV_048.basePlot.vst,2017-07-11,,D01,HARV,HARV_048,tower,mixedForest,42.541304,-72.178017,WGS84,20.2,731726.94,4713739.43,18N,360.7,0.3,,vst_HARV_2017,,,23_400|39_400,NEON.DOC.000987vG,Y,,"",Y,Y,N,N,Y,N,N,N,N,,100,noneSelected,,noneSelected,800,400,800,,800,,jbreault@field-ops.org,jwebber@field-ops.org,,20231227T033803Z,RELEASE-2024
04db6ff6-cb45-4774-801d-f2e72102916b,HARV_050.basePlot.vst,2017-07-11,,D01,HARV,HARV_050,tower,mixedForest,42.53627,-72.179357,WGS84,20.2,731635.52,4713176.74,18N,368.4,0.4,,vst_HARV_2017,,,21_400|41_400,NEON.DOC.000987vG,Y,,"",Y,Y,N,N,Y,N,N,N,N,,100,noneSelected,,noneSelected,800,400,800,,800,,jbreault@field-ops.org,jwebber@field-ops.org,,20231227T033803Z,RELEASE-2024
eb754206-c15d-40a3-a901-e0a30532b9a1,HARV_034.basePlot.vst,2017-07-12,,D01,HARV,HARV_034,tower,evergreenForest,42.535686,-72.177968,WGS84,20.3,731751.76,4713115.68,18N,372.1,0.4,,vst_HARV_2017,,,23_400|39_400,NEON.DOC.000987vG,Y,,"",Y,N,N,N,Y,N,N,N,N,,10,noneSelected,,100,800,40,800,,400,,jwebber@field-ops.org,bhudson@battelleecology.org,,20231227T033803Z,RELEASE-2024
6be48606-e907-43ba-9a9f-864f23a62757,HARV_041.basePlot.vst,2017-07-12,,D01,HARV,HARV_041,tower,evergreenForest,42.536795,-72.180797,WGS84,20.1,731515.32,4713231.1,18N,361.6,0.2,,vst_HARV_2017,,,23_400|39_400,NEON.DOC.000987vG,Y,,"",Y,Y,N,N,Y,N,N,N,N,,100,noneSelected,,100,800,400,800,,400,,jbreault@field-ops.org,chines@field-ops.org,,20231227T033803Z,RELEASE-2024
67462fe3-2121-477f-b95a-e27065c9b33e,HARV_038.basePlot.vst,2017-07-12,,D01,HARV,HARV_038,tower,mixedForest,42.537334,-72.177877,WGS84,20.2,731753.13,4713298.95,18N,367.4,0.3,,vst_HARV_2017,,,23_400|39_400,NEON.DOC.000987vG,Y,,"",Y,Y,N,N,Y,N,N,N,N,,100,noneSelected,,10,800,400,800,,40,,jbreault@field-ops.org,chines@field-ops.org,,20231227T033803Z,RELEASE-2024
e64ecd93-9359-48c1-a9c9-0b5ef6121ac7,HARV_049.basePlot.vst,2017-07-12,,D01,HARV,HARV_049,tower,mixedForest,42.535171,-72.179779,WGS84,20.3,731604.93,4713053.54,18N,370,0.3,,vst_HARV_2017,,,23_400|41_400,NEON.DOC.000987vG,Y,,"",Y,Y,N,N,Y,N,N,N,N,,100,noneSelected,,100,800,400,800,,400,,bhudson@battelleecology.org,jwebber@field-ops.org,,20231227T033803Z,RELEASE-2024
6c168936-9d8e-4ae7-b82f-ff635175b9d6,HARV_033.basePlot.vst,2017-07-12,,D01,HARV,HARV_033,tower,deciduousForest,42.538302,-72.175607,WGS84,20.2,731935.97,4713412.66,18N,358.8,0.2,,vst_HARV_2017,,,21_400|23_400,NEON.DOC.000987vG,Y,,"",Y,Y,N,N,Y,N,N,N,N,,100,noneSelected,,100,800,400,800,,400,,jbreault@field-ops.org,chines@field-ops.org,,20231227T033803Z,RELEASE-2024
68a8e6d6-260f-4dd9-b757-5a3e713c215a,HARV_047.basePlot.vst,2017-07-12,,D01,HARV,HARV_047,tower,deciduousForest,42.536689,-72.175706,WGS84,20.2,731933.82,4713233.26,18N,367.3,0.4,,vst_HARV_2017,,,21_400|41_400,NEON.DOC.000987vG,Y,,"",Y,Y,N,N,Y,N,N,N,N,,25,noneSelected,,10,800,100,800,,40,,jbreault@field-ops.org,chines@field-ops.org,,20231227T033803Z,RELEASE-2024
b09064f9-4bc6-491a-8e23-f1614685d194,HARV_040.basePlot.vst,2017-07-12,,D01,HARV,HARV_040,tower,mixedForest,42.539918,-72.175931,WGS84,20.1,731903.38,4713591.23,18N,342.8,0.1,,vst_HARV_2017,,,23_400|41_400,NEON.DOC.000987vG,Y,,"",Y,Y,N,N,Y,N,N,N,N,,1,noneSelected,,1,800,4,800,,4,,jbreault@field-ops.org,chines@field-ops.org,,20231227T033803Z,RELEASE-2024
88d67fcc-0d83-44ed-9550-3c9fee38ba66,HARV_051.basePlot.vst,2017-07-12,,D01,HARV,HARV_051,tower,mixedForest,42.534078,-72.179146,WGS84,20.3,731660.96,4712933.89,18N,370,0.4,,vst_HARV_2017,,,23_400|39_400,NEON.DOC.000987vG,Y,,"",Y,Y,N,N,Y,N,N,N,N,,100,noneSelected,,25,800,400,800,,100,,bhudson@battelleecology.org,jwebber@field-ops.org,,20231227T033803Z,RELEASE-2024
adc9540e-d2e0-4abb-bec1-1d44e5d11e0f,HARV_039.basePlot.vst,2017-07-13,,D01,HARV,HARV_039,tower,mixedForest,42.533247,-72.17769,WGS84,20.2,731783.62,4712845.59,18N,373.2,0.2,,vst_HARV_2017,,,39_400|41_400,NEON.DOC.000987vG,Y,,"",Y,N,N,N,Y,N,N,N,N,,100,noneSelected,,25,800,400,800,,100,,jbreault@field-ops.org,chines@field-ops.org,,20231227T033803Z,RELEASE-2024
9cabf215-cceb-4670-848b-e23b2a322d91,HARV_044.basePlot.vst,2017-07-13,,D01,HARV,HARV_044,tower,deciduousForest,42.535376,-72.176486,WGS84,20.1,731874.62,4713085.32,18N,365.8,0.1,,vst_HARV_2017,,,21_400|41_400,NEON.DOC.000987vG,Y,,"",Y,Y,N,N,Y,N,N,N,N,,25,noneSelected,,10,800,100,800,,40,,jbreault@field-ops.org,chines@field-ops.org,,20231227T033803Z,RELEASE-2024
48eef29a-c0e0-45b6-a763-8dfe9dfc9ed9,HARV_042.basePlot.vst,2017-07-13,,D01,HARV,HARV_042,tower,mixedForest,42.534167,-72.176562,WGS84,20.1,731872.86,4712950.85,18N,371,0.1,,vst_HARV_2017,,,39_400|41_400,NEON.DOC.000987vG,Y,,"",Y,Y,N,N,Y,N,N,N,N,,10,noneSelected,,25,800,40,800,,100,,jbreault@field-ops.org,chines@field-ops.org,,20231227T033803Z,RELEASE-2024
dcdbda4f-259a-444b-9a5b-97cdf49afafa,HARV_046.basePlot.vst,2017-07-17,,D01,HARV,HARV_046,tower,mixedForest,42.537915,-72.180759,WGS84,20.3,731514.3,4713355.58,18N,361.4,0.3,,vst_HARV_2017,,,21_400|41_400,NEON.DOC.000987vG,Y,,"",Y,Y,N,N,Y,N,N,N,N,,10,noneSelected,,10,800,40,800,,40,,gvanscoy@field-ops.org,jwebber@field-ops.org,,20231227T033803Z,RELEASE-2024
1be9b6d2-1484-4e40-a718-d0f2f7473522,HARV_052.basePlot.vst,2018-07-16,,D01,HARV,HARV_052,tower,mixedForest,42.54213,-72.176577,WGS84,20.3,731842.14,4713835.11,18N,358.9,0.3,,vst_HARV_2018,,,23_400|41_400,NEON.DOC.000987vG,Y,,"",Y,N,N,N,Y,N,N,N,N,,noneSelected,noneSelected,,noneSelected,800,800,800,,800,,muffenbeck@battelleecology.org,gvanscoy@field-ops.org,,20231228T202645Z,RELEASE-2024
bbc7d10f-112e-4269-b640-8321dc409a3e,HARV_036.basePlot.vst,2018-07-16,,D01,HARV,HARV_036,tower,deciduousForest,42.542123,-72.173119,WGS84,20.1,732126.13,4713843.8,18N,368.2,0.2,,vst_HARV_2018,,,21_400|23_400,NEON.DOC.000987vG,Y,,"",Y,Y,N,N,Y,N,N,N,N,,25,noneSelected,,1,800,100,800,,4,,muffenbeck@battelleecology.org,gvanscoy@field-ops.org,,20231228T202645Z,RELEASE-2024
e8704af8-468d-4d7b-80fe-2db8391d9200,HARV_045.basePlot.vst,2018-07-16,,D01,HARV,HARV_045,tower,deciduousForest,42.542078,-72.1713,WGS84,20.1,732275.68,4713843.79,18N,370,0.1,,vst_HARV_2018,,,21_400|23_400,NEON.DOC.000987vG,Y,,"",Y,N,N,N,Y,N,N,N,N,,noneSelected,noneSelected,,25,800,800,800,,100,,muffenbeck@battelleecology.org,gvanscoy@field-ops.org,,20231228T202645Z,RELEASE-2024
e579b30e-1ec0-410d-9b01-1886c3e6b7d6,HARV_043.basePlot.vst,2018-07-16,,D01,HARV,HARV_043,tower,evergreenForest,42.541027,-72.176583,WGS84,20.1,731845.73,4713712.6,18N,354.4,0.2,,vst_HARV_2018,,,21_400|39_400,NEON.DOC.000987vG,Y,,"",Y,N,N,N,Y,N,N,N,N,,noneSelected,noneSelected,,noneSelected,800,800,800,,800,,muffenbeck@battelleecology.org,gvanscoy@field-ops.org,,20231228T202645Z,RELEASE-2024
a432543e-22ef-43ae-b5d0-77ff29ed9ced,HARV_049.basePlot.vst,2018-07-16,,D01,HARV,HARV_049,tower,mixedForest,42.535171,-72.179779,WGS84,20.3,731604.93,4713053.54,18N,370,0.3,,vst_HARV_2018,,,23_400|41_400,NEON.DOC.000987vG,Y,,"",Y,Y,N,N,Y,N,N,N,N,,100,noneSelected,,100,800,400,800,,400,,scook@battelleecology.org,jwebber@field-ops.org,,20231228T202645Z,RELEASE-2024
04cc124b-fade-4e25-894e-97ff38e00690,HARV_051.basePlot.vst,2018-07-16,,D01,HARV,HARV_051,tower,mixedForest,42.534078,-72.179146,WGS84,20.3,731660.96,4712933.89,18N,370,0.4,,vst_HARV_2018,,,23_400|39_400,NEON.DOC.000987vG,Y,,"",Y,Y,N,N,Y,N,N,N,N,,100,noneSelected,,25,800,400,800,,100,,muffenbeck@battelleecology.org,gvanscoy@field-ops.org,,20231228T202645Z,RELEASE-2024
f48066f8-a22b-47d6-becc-8df761ffd77f,HARV_048.basePlot.vst,2018-07-16,,D01,HARV,HARV_048,tower,mixedForest,42.541304,-72.178017,WGS84,20.2,731726.94,4713739.43,18N,360.7,0.3,,vst_HARV_2018,,,23_400|39_400,NEON.DOC.000987vG,Y,,"",Y,Y,N,N,Y,N,N,N,N,,100,noneSelected,,noneSelected,800,400,800,,800,,muffenbeck@battelleecology.org,gvanscoy@field-ops.org,,20231228T202645Z,RELEASE-2024
b21ac1d4-6c25-4fd6-82ad-9fd693d07c0e,HARV_038.basePlot.vst,2018-07-16,,D01,HARV,HARV_038,tower,mixedForest,42.537334,-72.177877,WGS84,20.2,731753.13,4713298.95,18N,367.4,0.3,,vst_HARV_2018,,,23_400|39_400,NEON.DOC.000987vG,Y,,"",Y,Y,N,N,Y,N,N,N,N,,100,noneSelected,,10,800,400,800,,40,,muffenbeck@battelleecology.org,gvanscoy@field-ops.org,,20231228T202645Z,RELEASE-2024
882b31a9-3ccc-42ab-a581-d7abf0fe86a0,HARV_046.basePlot.vst,2018-07-16,,D01,HARV,HARV_046,tower,mixedForest,42.537915,-72.180759,WGS84,20.3,731514.3,4713355.58,18N,361.4,0.3,,vst_HARV_2018,,,21_400|41_400,NEON.DOC.000987vG,Y,,"",Y,Y,N,N,Y,N,N,N,N,,10,noneSelected,,10,800,40,800,,40,,muffenbeck@battelleecology.org,gvanscoy@field-ops.org,,20231228T202645Z,RELEASE-2024
163d664d-651e-4012-873a-806163995b07,HARV_035.basePlot.vst,2018-07-16,,D01,HARV,HARV_035,tower,evergreenForest,42.539966,-72.178072,WGS84,20.2,731727.38,4713590.7,18N,365.8,0.3,,vst_HARV_2018,,,21_400|23_400,NEON.DOC.000987vG,Y,,N,Y,N,N,N,N,N,N,N,N,,noneSelected,noneSelected,,noneSelected,800,800,800,,800,,muffenbeck@battelleecology.org,gvanscoy@field-ops.org,,20231228T202645Z,RELEASE-2024
24fdd58b-632a-49e2-8c28-113e75bcc930,HARV_040.basePlot.vst,2018-07-16,,D01,HARV,HARV_040,tower,mixedForest,42.539918,-72.175931,WGS84,20.1,731903.38,4713591.23,18N,342.8,0.1,,vst_HARV_2018,,,23_400|41_400,NEON.DOC.000987vG,Y,,"",Y,Y,N,N,Y,N,N,N,N,,1,noneSelected,,1,800,4,800,,4,,muffenbeck@battelleecology.org,gvanscoy@field-ops.org,,20231228T202645Z,RELEASE-2024
e98db637-ae9c-4fe5-838e-1f7c49f72f16,HARV_039.basePlot.vst,2018-07-16,,D01,HARV,HARV_039,tower,mixedForest,42.533247,-72.17769,WGS84,20.2,731783.62,4712845.59,18N,373.2,0.2,,vst_HARV_2018,,,39_400|41_400,NEON.DOC.000987vG,Y,,"",Y,N,N,N,Y,N,N,N,N,,noneSelected,noneSelected,,25,800,800,800,,100,,muffenbeck@battelleecology.org,gvanscoy@field-ops.org,,20231228T202645Z,RELEASE-2024
b54fe74d-61c0-44aa-9629-cf55d2ebe8f1,HARV_047.basePlot.vst,2018-07-16,,D01,HARV,HARV_047,tower,deciduousForest,42.536689,-72.175706,WGS84,20.2,731933.82,4713233.26,18N,367.3,0.4,,vst_HARV_2018,,,21_400|41_400,NEON.DOC.000987vG,Y,,"",Y,Y,N,N,Y,N,N,N,N,,25,noneSelected,,10,800,100,800,,40,,muffenbeck@battelleecology.org,gvanscoy@field-ops.org,,20231228T202645Z,RELEASE-2024
9b74f6ad-88fc-42d7-8401-4022290952a1,HARV_034.basePlot.vst,2018-07-16,,D01,HARV,HARV_034,tower,evergreenForest,42.535686,-72.177968,WGS84,20.3,731751.76,4713115.68,18N,372.1,0.4,,vst_HARV_2018,,,23_400|39_400,NEON.DOC.000987vG,Y,,"",Y,N,N,N,Y,N,N,N,N,,noneSelected,noneSelected,,100,800,800,800,,400,,scook@battelleecology.org,gvanscoy@field-ops.org,,20231228T202645Z,RELEASE-2024
7fa81dc0-737e-4a3b-a65a-05eb33f3bb4f,HARV_042.basePlot.vst,2018-07-17,,D01,HARV,HARV_042,tower,mixedForest,42.534167,-72.176562,WGS84,20.1,731872.86,4712950.85,18N,371,0.1,,vst_HARV_2018,,,39_400|41_400,NEON.DOC.000987vG,Y,,"",Y,Y,N,N,Y,N,N,N,N,,10,noneSelected,,25,800,40,800,,100,,jmckenna@battelleecology.org,gvanscoy@field-ops.org,,20231228T202645Z,RELEASE-2024
714b89e1-6944-471d-ac6a-aaa96887762a,HARV_050.basePlot.vst,2018-07-17,,D01,HARV,HARV_050,tower,mixedForest,42.53627,-72.179357,WGS84,20.2,731635.52,4713176.74,18N,368.4,0.4,,vst_HARV_2018,,,21_400|41_400,NEON.DOC.000987vG,Y,,"",Y,Y,N,N,Y,N,N,N,N,,100,noneSelected,,noneSelected,800,400,800,,800,,kgoodwin@battelleecology.org,llukas@battelleecology.org,,20231228T202645Z,RELEASE-2024
a70ff342-d8d7-486a-a914-18e6329b3c67,HARV_037.basePlot.vst,2018-07-17,,D01,HARV,HARV_037,tower,evergreenForest,42.537308,-72.179312,WGS84,20.1,731635.38,4713292.13,18N,361.9,0.2,,vst_HARV_2018,,,23_400|41_400,NEON.DOC.000987vG,Y,,"",Y,N,N,N,Y,N,N,N,N,,noneSelected,noneSelected,,noneSelected,800,800,800,,800,,kgoodwin@battelleecology.org,llukas@battelleecology.org,,20231228T202645Z,RELEASE-2024
8ed6625a-eafa-4f40-addb-304de2c252fe,HARV_041.basePlot.vst,2018-07-17,,D01,HARV,HARV_041,tower,evergreenForest,42.536795,-72.180797,WGS84,20.1,731515.32,4713231.1,18N,361.6,0.2,,vst_HARV_2018,,,23_400|39_400,NEON.DOC.000987vG,Y,,"",Y,Y,N,N,Y,N,N,N,N,,100,noneSelected,,100,800,400,800,,400,,kgoodwin@battelleecology.org,llukas@battelleecology.org,,20231228T202645Z,RELEASE-2024
69ad6453-5553-49da-9345-938ee765f363,HARV_044.basePlot.vst,2018-07-17,,D01,HARV,HARV_044,tower,deciduousForest,42.535376,-72.176486,WGS84,20.1,731874.62,4713085.32,18N,365.8,0.1,,vst_HARV_2018,,,21_400|41_400,NEON.DOC.000987vG,Y,,"",Y,Y,N,N,Y,N,N,N,N,,25,noneSelected,,10,800,100,800,,40,,jmckenna@battelleecology.org,gvanscoy@field-ops.org,,20231228T202645Z,RELEASE-2024
d1f3253a-799d-424d-afdc-7bcb95e1724e,HARV_033.basePlot.vst,2018-07-19,,D01,HARV,HARV_033,tower,deciduousForest,42.538302,-72.175607,WGS84,20.2,731935.97,4713412.66,18N,358.8,0.2,,vst_HARV_2018,,,21_400|23_400,NEON.DOC.000987vG,Y,,"",Y,Y,N,N,Y,N,N,N,N,,100,noneSelected,,100,800,400,800,,400,,gvanscoy@field-ops.org,muffenbeck@battelleecology.org,,20231228T202645Z,RELEASE-2024
6e5626ae-e95c-4068-8d0a-70d86e110ca0,HARV_015.basePlot.vst,2018-10-24,,D01,HARV,HARV_015,distributed,deciduousForest,42.538822,-72.182055,WGS84,20.1,731404.51,4713452.76,18N,363,0.1,,vst_HARV_2018,,,31_100|32_100|40_100|41_100,NEON.DOC.000987vG,Y,Y,N,Y,Y,N,N,N,N,N,N,N,,noneSelected,noneSelected,,noneSelected,400,400,400,,400,,,,,20231228T175947Z,RELEASE-2024
f1227ff3-9f44-49c4-a942-b09674c46745,HARV_017.basePlot.vst,2018-10-25,,D01,HARV,HARV_017,distributed,deciduousForest,42.481741,-72.26708,WGS84,20.1,724626.41,4706885.06,18N,226.4,0.2,,vst_HARV_2018,,,31_100|32_100|40_100|41_100,NEON.DOC.000987vG,Y,Y,N,Y,N,N,N,N,N,N,N,N,,noneSelected,noneSelected,,noneSelected,400,400,400,,400,,,,,20231228T175947Z,RELEASE-2024
ddf94591-4ff1-4ea9-adba-c18b3d51eedd,HARV_004.basePlot.vst,2018-11-29,,D01,HARV,HARV_004,distributed,mixedForest,42.427091,-72.229737,WGS84,20.2,727894.17,4700915.85,18N,199.7,0.2,,vst_HARV_2018,,,31_100|32_100|40_100|41_100,NEON.DOC.000987vG,Y,Y,N,Y,Y,N,N,N,N,N,N,N,,10,noneSelected,,noneSelected,400,80,400,,400,,,,,20231228T185946Z,RELEASE-2024
0a347893-e82e-4fe8-b9a5-780b98875f88,HARV_026.basePlot.vst,2019-04-30,,D01,HARV,HARV_026,distributed,evergreenForest,42.410762,-72.247271,WGS84,20.1,726510.45,4699055.59,18N,194.3,0.2,,vst_HARV_2019,,,31_100|32_100|40_100|41_100,NEON.DOC.000987vH,Y,,N,Y,Y,N,N,N,N,N,N,N,,10,noneSelected,,noneSelected,400,80,400,,400,,,,,20231227T183157Z,RELEASE-2024
132b00e9-384c-4f9e-a076-041bb3c03a58,HARV_006.basePlot.vst,2019-04-30,,D01,HARV,HARV_006,distributed,deciduousForest,42.403087,-72.25372,WGS84,20.1,726007.33,4698186.1,18N,188.8,0.1,,vst_HARV_2019,,,31_100|32_100|40_100|41_100,NEON.DOC.000987vH,Y,,N,Y,Y,N,N,N,N,N,N,N,,noneSelected,noneSelected,,noneSelected,400,400,400,,400,,,,,20231227T183157Z,RELEASE-2024
774d87ba-1fac-4a51-9563-cdb3988de9dc,HARV_013.basePlot.vst,2019-04-30,,D01,HARV,HARV_013,distributed,evergreenForest,42.392282,-72.254598,WGS84,20.2,725973.86,4696983.89,18N,184.6,0.2,,vst_HARV_2019,,,31_100|32_100|40_100|41_100,NEON.DOC.000987vH,Y,,N,Y,Y,N,N,N,N,N,N,N,,1,noneSelected,,noneSelected,400,8,400,,400,,,,,20231227T183157Z,RELEASE-2024
9eb8be77-755b-44f9-b57f-45067a3f0430,HARV_004.basePlot.vst,2019-04-30,,D01,HARV,HARV_004,distributed,mixedForest,42.427091,-72.229737,WGS84,20.2,727894.17,4700915.85,18N,199.7,0.2,,vst_HARV_2019,,,31_100|32_100|40_100|41_100,NEON.DOC.000987vH,Y,,N,Y,Y,N,N,N,N,N,N,N,,10,noneSelected,,noneSelected,400,80,400,,400,,,,,20231227T183157Z,RELEASE-2024
922fb6b7-1448-4e68-a308-5dba4d9a8c3a,HARV_023.basePlot.vst,2019-04-30,,D01,HARV,HARV_023,distributed,evergreenForest,42.414314,-72.226622,WGS84,20.2,728196.81,4699505.34,18N,170.4,0.2,,vst_HARV_2019,,,31_100|32_100|40_100|41_100,NEON.DOC.000987vH,Y,,"",Y,Y,N,N,Y,N,N,N,N,,10,noneSelected,,noneSelected,400,80,400,,400,,,,,20231227T183157Z,RELEASE-2024
2415702d-eead-4d39-b35b-ebb3c168b4a3,HARV_011.basePlot.vst,2019-05-01,,D01,HARV,HARV_011,distributed,deciduousForest,42.455924,-72.238278,WGS84,20.3,727087.27,4704094.82,18N,231.5,0.4,,vst_HARV_2019,,,31_100|32_100|40_100|41_100,NEON.DOC.000987vH,Y,,N,Y,Y,N,N,N,N,N,N,N,,10,noneSelected,,noneSelected,400,80,400,,4,,,,,20231227T181310Z,RELEASE-2024
c9c633c1-378c-413d-8cc3-810f0c7de2a2,HARV_016.basePlot.vst,2019-05-01,,D01,HARV,HARV_016,distributed,woodyWetlands,42.45847,-72.231992,WGS84,20.1,727594.95,4704394.4,18N,232.2,0.3,,vst_HARV_2019,,,31_100|32_100|40_100|41_100,NEON.DOC.000987vH,Y,,"",Y,Y,N,N,Y,N,N,N,N,,10,noneSelected,,1,400,80,400,,4,,,,,20231227T181310Z,RELEASE-2024
bacc7d73-d431-4123-ada2-c7f5bf8d1fbe,HARV_022.basePlot.vst,2019-05-01,,D01,HARV,HARV_022,distributed,evergreenForest,42.434188,-72.198776,WGS84,20.2,730415.32,4701787.58,18N,193.5,0.3,,vst_HARV_2019,,,31_100|32_100|40_100|41_100,NEON.DOC.000987vH,Y,,N,Y,Y,N,N,N,N,N,N,N,,25,noneSelected,,noneSelected,400,200,400,,400,,,,,20231227T181310Z,RELEASE-2024
9f94f2ab-6d20-4071-8155-7dc39c371490,HARV_021.basePlot.vst,2019-05-20,,D01,HARV,HARV_021,distributed,evergreenForest,42.45243,-72.250472,WGS84,20.1,726097.1,4703674.24,18N,175.1,0.1,,vst_HARV_2019,,,31_100|32_100|40_100|41_100,NEON.DOC.000987vH,Y,,N,Y,Y,N,N,N,N,N,N,N,,1,noneSelected,,noneSelected,400,8,400,,400,,,,,20231227T181310Z,RELEASE-2024
faa34205-1b71-4b34-b058-b0f7be0705d8,HARV_027.basePlot.vst,2019-07-10,,D01,HARV,HARV_027,distributed,evergreenForest,42.43035,-72.253258,WGS84,20.1,725947.38,4701214.85,18N,183.1,0.2,,vst_HARV_2019,,,31_100|32_100|40_100|41_100,NEON.DOC.000987vH,Y,,N,Y,Y,N,N,N,N,N,N,N,,noneSelected,noneSelected,,noneSelected,400,400,400,,400,,,,,20231227T173525Z,RELEASE-2024
35e11d74-a143-4376-8621-351378cd33c7,HARV_012.basePlot.vst,2019-07-10,,D01,HARV,HARV_012,distributed,deciduousForest,42.429486,-72.239802,WGS84,20.2,727057.47,4701154.83,18N,233.3,0.2,,vst_HARV_2019,,,31_100|32_100|40_100|41_100,NEON.DOC.000987vH,Y,,N,Y,Y,N,N,N,N,N,N,N,,10,noneSelected,,noneSelected,400,80,400,,400,,,,,20231227T173525Z,RELEASE-2024
8ad35b8c-f22e-40e6-bb8d-d16132cc6255,HARV_034.basePlot.vst,2019-07-10,,D01,HARV,HARV_034,tower,evergreenForest,42.535686,-72.177968,WGS84,20.3,731751.76,4713115.68,18N,372.1,0.4,,vst_HARV_2019,,,23_400|39_400,NEON.DOC.000987vH,Y,,"",Y,Y,N,N,Y,N,N,N,N,,10,noneSelected,,100,800,40,800,,400,,,,,20231227T173525Z,RELEASE-2024
701c34ed-43c6-4fa4-a6da-79ac7393e3dd,HARV_037.basePlot.vst,2019-07-10,,D01,HARV,HARV_037,tower,evergreenForest,42.537308,-72.179312,WGS84,20.1,731635.38,4713292.13,18N,361.9,0.2,,vst_HARV_2019,,,23_400|41_400,NEON.DOC.000987vH,Y,,"",Y,Y,N,N,Y,N,N,N,N,,10,noneSelected,,noneSelected,800,40,800,,800,,,,,20231227T173525Z,RELEASE-2024
bd9b1541-43f7-48cd-aae1-e84a12394ea1,HARV_035.basePlot.vst,2019-07-10,,D01,HARV,HARV_035,tower,evergreenForest,42.539966,-72.178072,WGS84,20.2,731727.38,4713590.7,18N,365.8,0.3,,vst_HARV_2019,,,21_400|23_400,NEON.DOC.000987vH,Y,,N,Y,Y,N,N,N,N,N,N,N,,100,noneSelected,,noneSelected,800,400,800,,800,,,,,20231227T173525Z,RELEASE-2024
97e222ff-61cd-423c-a6ed-c7ab33c86a12,HARV_001.basePlot.vst,2019-07-10,,D01,HARV,HARV_001,distributed,deciduousForest,42.424246,-72.258285,WGS84,20.1,725555.73,4700523.64,18N,190,0.2,,vst_HARV_2019,,,31_100|32_100|40_100|41_100,NEON.DOC.000987vH,Y,,N,Y,Y,N,N,N,N,N,N,N,,1,noneSelected,,noneSelected,400,8,400,,400,,,,,20231227T173525Z,RELEASE-2024
e5e864c3-84a7-4dc0-b299-52d81eabf3f5,HARV_033.basePlot.vst,2019-07-10,,D01,HARV,HARV_033,tower,deciduousForest,42.538302,-72.175607,WGS84,20.2,731935.97,4713412.66,18N,358.8,0.2,,vst_HARV_2019,,,21_400|23_400,NEON.DOC.000987vH,Y,,"",Y,Y,N,N,Y,N,N,N,N,,100,noneSelected,,noneSelected,800,400,800,,400,,,,,20231227T173525Z,RELEASE-2024
722711f7-a8d1-4200-80fd-db7c331aac25,HARV_014.basePlot.vst,2019-07-10,,D01,HARV,HARV_014,distributed,mixedForest,42.471449,-72.265709,WGS84,20.1,724775.96,4705745.78,18N,199.4,0.2,,vst_HARV_2019,,,31_100|32_100|40_100|41_100,NEON.DOC.000987vH,Y,,N,Y,Y,N,N,N,N,N,N,N,,10,noneSelected,,noneSelected,400,80,400,,400,,,,,20231227T173525Z,RELEASE-2024
eba59981-7ad4-42e1-8692-b9d7a798b7f4,HARV_005.basePlot.vst,2019-07-10,,D01,HARV,HARV_005,distributed,deciduousForest,42.489469,-72.275158,WGS84,20.1,723934.82,4707721.88,18N,189.8,0.3,,vst_HARV_2019,,,31_100|32_100|40_100|41_100,NEON.DOC.000987vH,Y,,N,Y,Y,N,N,N,N,N,N,N,,25,noneSelected,,noneSelected,400,200,400,,400,,,,,20231227T173525Z,RELEASE-2024
5c33c126-9d16-491e-b76c-e2ae16dd1242,HARV_036.basePlot.vst,2019-07-10,,D01,HARV,HARV_036,tower,deciduousForest,42.542123,-72.173119,WGS84,20.1,732126.13,4713843.8,18N,368.2,0.2,,vst_HARV_2019,,,21_400|23_400,NEON.DOC.000987vH,Y,,"",Y,Y,N,N,Y,N,N,N,N,,25,noneSelected,,1,800,100,800,,4,,,,,20231227T173525Z,RELEASE-2024
66fc1e21-3677-42f3-9e5c-113c99b8f97f,HARV_008.basePlot.vst,2019-07-10,,D01,HARV,HARV_008,distributed,deciduousForest,42.444557,-72.226082,WGS84,20.2,728131.45,4702865.25,18N,242.2,0.2,,vst_HARV_2019,,,31_100|32_100|40_100|41_100,NEON.DOC.000987vH,Y,,N,Y,Y,N,N,N,N,N,N,N,,10,noneSelected,,noneSelected,400,80,400,,400,,,,,20231227T173525Z,RELEASE-2024
247f4834-18b4-4d5f-9816-3f218a6cd8ea,HARV_017.basePlot.vst,2019-07-10,,D01,HARV,HARV_017,distributed,deciduousForest,42.481741,-72.26708,WGS84,20.1,724626.41,4706885.06,18N,226.4,0.2,,vst_HARV_2019,,,31_100|32_100|40_100|41_100,NEON.DOC.000987vH,Y,,N,Y,Y,N,N,N,N,N,N,N,,10,noneSelected,,noneSelected,400,80,400,,400,,,,,20231227T173525Z,RELEASE-2024
327af471-24fb-46e8-a26c-e1d9ad89ba37,HARV_015.basePlot.vst,2019-07-10,,D01,HARV,HARV_015,distributed,deciduousForest,42.538822,-72.182055,WGS84,20.1,731404.51,4713452.76,18N,363,0.1,,vst_HARV_2019,,,31_100|32_100|40_100|41_100,NEON.DOC.000987vH,Y,,N,Y,Y,N,N,N,N,N,N,N,,noneSelected,noneSelected,,noneSelected,400,400,400,,400,,,,,20231227T173525Z,RELEASE-2024
cacb327e-7153-4a78-9fe4-5a8cd18d884d,HARV_025.basePlot.vst,2019-07-10,,D01,HARV,HARV_025,distributed,mixedForest,42.475428,-72.273927,WGS84,20.2,724086.14,4706165.89,18N,179.6,0.5,,vst_HARV_2019,,,31_100|32_100|40_100|41_100,NEON.DOC.000987vH,Y,,N,Y,Y,Y,N,N,N,N,N,N,,noneSelected,noneSelected,,noneSelected,400,400,400,,400,,,,,20231227T173525Z,RELEASE-2024
f0c1e18d-1b9c-480c-863e-54b10186fdcd,HARV_002.basePlot.vst,2019-07-10,,D01,HARV,HARV_002,distributed,deciduousForest,42.478565,-72.259572,WGS84,20.1,725254.96,4706552.29,18N,193.6,0.1,,vst_HARV_2019,,,31_100|32_100|40_100|41_100,NEON.DOC.000987vH,Y,,N,Y,Y,N,N,N,N,N,N,N,,10,noneSelected,,noneSelected,400,80,400,,400,,,,,20231227T173525Z,RELEASE-2024
8428533c-7c6e-4fa0-b7c2-6c3c8bbfacc9,HARV_010.basePlot.vst,2019-07-10,,D01,HARV,HARV_010,distributed,mixedForest,42.424723,-72.254599,WGS84,20.1,725857.27,4700586.41,18N,206.9,0.1,,vst_HARV_2019,,,31_100|32_100|40_100|41_100,NEON.DOC.000987vH,Y,,N,Y,Y,N,N,N,N,N,N,N,,10,noneSelected,,noneSelected,400,80,400,,400,,,,,20231227T173525Z,RELEASE-2024
4a9631dc-2637-4c56-9522-6749aef2410c,HARV_033.basePlot.vst,2020-07-15,,D01,HARV,HARV_033,tower,deciduousForest,42.538302,-72.175607,WGS84,20.2,731935.97,4713412.66,18N,358.8,0.2,OK,vst_HARV_2020,allTowerPlots,allGrowthForms,21_400|23_400,NEON.DOC.000987vJ,Y,,,Y,Y,N,N,Y,N,N,N,N,,100,noneSelected,100,noneSelected,800,400,800,400,800,,,,,20231227T212216Z,RELEASE-2024
f7e4b6c7-1c66-408b-a355-5cb6f7439df3,HARV_038.basePlot.vst,2020-07-15,,D01,HARV,HARV_038,tower,mixedForest,42.537334,-72.177877,WGS84,20.2,731753.13,4713298.95,18N,367.4,0.3,OK,vst_HARV_2020,allTowerPlots,allGrowthForms,23_400|39_400,NEON.DOC.000987vJ,Y,,,Y,Y,N,N,Y,N,N,N,N,,100,noneSelected,10,noneSelected,800,400,800,40,800,,,,,20231227T212216Z,RELEASE-2024
4c70e8c6-213b-44ed-b399-e5f54496b767,HARV_039.basePlot.vst,2020-07-15,,D01,HARV,HARV_039,tower,mixedForest,42.533247,-72.17769,WGS84,20.2,731783.62,4712845.59,18N,373.2,0.2,OK,vst_HARV_2020,allTowerPlots,allGrowthForms,39_400|41_400,NEON.DOC.000987vJ,Y,,,Y,Y,N,N,Y,N,N,N,N,,100,noneSelected,25,noneSelected,800,400,800,100,800,,,,,20231227T212216Z,RELEASE-2024
713fa394-943b-421e-b8c4-84ea717cebfc,HARV_040.basePlot.vst,2020-07-15,,D01,HARV,HARV_040,tower,mixedForest,42.539918,-72.175931,WGS84,20.1,731903.38,4713591.23,18N,342.8,0.1,OK,vst_HARV_2020,allTowerPlots,allGrowthForms,23_400|41_400,NEON.DOC.000987vJ,Y,,,Y,Y,N,N,Y,N,N,N,N,,1,noneSelected,1,noneSelected,800,4,800,4,800,,,,,20231227T212216Z,RELEASE-2024
ee555bca-6e0c-49df-a877-d8aec7081a19,HARV_034.basePlot.vst,2020-07-15,,D01,HARV,HARV_034,tower,evergreenForest,42.535686,-72.177968,WGS84,20.3,731751.76,4713115.68,18N,372.1,0.4,OK,vst_HARV_2020,allTowerPlots,allGrowthForms,23_400|39_400,NEON.DOC.000987vJ,Y,,,Y,Y,N,N,Y,N,N,N,N,,10,noneSelected,100,noneSelected,800,40,800,400,800,,,,,20231227T212216Z,RELEASE-2024
1e8ee7ee-2a44-4c01-aaf7-fcbc74983a8a,HARV_048.basePlot.vst,2020-08-05,,D01,HARV,HARV_048,tower,mixedForest,42.541304,-72.178017,WGS84,20.2,731726.94,4713739.43,18N,360.7,0.3,OK,vst_HARV_2020,allTowerPlots,allGrowthForms,23_400|39_400,NEON.DOC.000987vJ,Y,,N,Y,Y,N,N,N,N,N,N,N,,100,noneSelected,noneSelected,noneSelected,800,400,800,800,800,,,,,20231227T224015Z,RELEASE-2024
d6465f6e-022a-423f-9aa5-2cf645125d82,HARV_042.basePlot.vst,2020-08-05,,D01,HARV,HARV_042,tower,mixedForest,42.534167,-72.176562,WGS84,20.1,731872.86,4712950.85,18N,371,0.1,OK,vst_HARV_2020,allTowerPlots,allGrowthForms,39_400|41_400,NEON.DOC.000987vJ,Y,,N,Y,Y,N,N,N,N,N,N,N,,10,noneSelected,noneSelected,noneSelected,800,40,800,800,800,,,,,20231227T224015Z,RELEASE-2024
a3b56cc6-5fd7-40f6-9479-4d20e1ca2821,HARV_045.basePlot.vst,2020-08-05,,D01,HARV,HARV_045,tower,deciduousForest,42.542078,-72.1713,WGS84,20.1,732275.68,4713843.79,18N,370,0.1,OK,vst_HARV_2020,allTowerPlots,allGrowthForms,21_400|23_400,NEON.DOC.000987vJ,Y,,N,Y,Y,N,N,N,N,N,N,N,,100,noneSelected,noneSelected,noneSelected,800,400,800,800,800,,,,,20231227T224015Z,RELEASE-2024
a99bc4c5-c1f4-4ccd-b86a-436d53156668,HARV_037.basePlot.vst,2020-08-05,,D01,HARV,HARV_037,tower,evergreenForest,42.537308,-72.179312,WGS84,20.1,731635.38,4713292.13,18N,361.9,0.2,OK,vst_HARV_2020,allTowerPlots,allGrowthForms,23_400|41_400,NEON.DOC.000987vJ,Y,,N,Y,Y,N,N,N,N,N,N,N,,10,noneSelected,noneSelected,noneSelected,800,40,800,800,800,,,,,20231227T224015Z,RELEASE-2024
cc6c808b-a773-4e9f-bb66-f05ae3b7bf62,HARV_047.basePlot.vst,2020-08-05,,D01,HARV,HARV_047,tower,deciduousForest,42.536689,-72.175706,WGS84,20.2,731933.82,4713233.26,18N,367.3,0.4,OK,vst_HARV_2020,allTowerPlots,allGrowthForms,21_400|41_400,NEON.DOC.000987vJ,Y,,N,Y,Y,N,N,N,N,N,N,N,,25,noneSelected,noneSelected,noneSelected,800,100,800,800,800,,,,,20231227T224015Z,RELEASE-2024
3c333354-e6e5-4ba9-92fd-4e641ff9ba73,HARV_036.basePlot.vst,2020-08-05,,D01,HARV,HARV_036,tower,deciduousForest,42.542123,-72.173119,WGS84,20.1,732126.13,4713843.8,18N,368.2,0.2,OK,vst_HARV_2020,allTowerPlots,allGrowthForms,21_400|23_400,NEON.DOC.000987vJ,Y,,N,Y,Y,N,N,N,N,N,N,N,,25,noneSelected,noneSelected,noneSelected,800,100,800,800,800,,,,,20231227T224015Z,RELEASE-2024
3cb21459-9129-4073-8784-49c3b33c2599,HARV_052.basePlot.vst,2020-08-05,,D01,HARV,HARV_052,tower,mixedForest,42.54213,-72.176577,WGS84,20.3,731842.14,4713835.11,18N,358.9,0.3,OK,vst_HARV_2020,allTowerPlots,allGrowthForms,23_400|41_400,NEON.DOC.000987vJ,Y,,N,Y,Y,N,N,N,N,N,N,N,,noneSelected,noneSelected,noneSelected,noneSelected,800,800,800,800,800,,,,,20231227T224015Z,RELEASE-2024
e1dda0fa-0a8a-4313-8906-96e1d995aae1,HARV_035.basePlot.vst,2020-08-05,,D01,HARV,HARV_035,tower,evergreenForest,42.539966,-72.178072,WGS84,20.2,731727.38,4713590.7,18N,365.8,0.3,OK,vst_HARV_2020,allTowerPlots,allGrowthForms,21_400|23_400,NEON.DOC.000987vJ,Y,,N,Y,Y,N,N,N,N,N,N,N,,100,noneSelected,noneSelected,noneSelected,800,400,800,800,800,,,,,20231227T224015Z,RELEASE-2024
93a8ef0b-f37f-4382-bfee-4804a9e0e871,HARV_046.basePlot.vst,2020-08-05,,D01,HARV,HARV_046,tower,mixedForest,42.537915,-72.180759,WGS84,20.3,731514.3,4713355.58,18N,361.4,0.3,OK,vst_HARV_2020,allTowerPlots,allGrowthForms,21_400|41_400,NEON.DOC.000987vJ,Y,,N,Y,Y,N,N,N,N,N,N,N,,10,noneSelected,noneSelected,noneSelected,800,40,800,800,800,,,,,20231227T224015Z,RELEASE-2024
f3876e6a-24ac-46e5-9835-ebdb951ed1cc,HARV_041.basePlot.vst,2020-08-05,,D01,HARV,HARV_041,tower,evergreenForest,42.536795,-72.180797,WGS84,20.1,731515.32,4713231.1,18N,361.6,0.2,OK,vst_HARV_2020,allTowerPlots,allGrowthForms,23_400|39_400,NEON.DOC.000987vJ,Y,,N,Y,Y,N,N,N,N,N,N,N,,100,noneSelected,noneSelected,noneSelected,800,400,800,800,800,,,,,20231227T224015Z,RELEASE-2024
0e43bc90-ba48-4811-a931-55d8b54ee657,HARV_043.basePlot.vst,2020-08-07,,D01,HARV,HARV_043,tower,evergreenForest,42.541027,-72.176583,WGS84,20.1,731845.73,4713712.6,18N,354.4,0.2,OK,vst_HARV_2020,allTowerPlots,allGrowthForms,21_400|39_400,NEON.DOC.000987vJ,Y,,N,Y,Y,N,N,N,N,N,N,N,,100,noneSelected,noneSelected,noneSelected,800,400,800,800,800,,,,,20231227T224015Z,RELEASE-2024
270739bf-fd70-4204-8648-ee41462ad897,HARV_044.basePlot.vst,2020-08-07,,D01,HARV,HARV_044,tower,deciduousForest,42.535376,-72.176486,WGS84,20.1,731874.62,4713085.32,18N,365.8,0.1,OK,vst_HARV_2020,allTowerPlots,allGrowthForms,21_400|41_400,NEON.DOC.000987vJ,Y,,N,Y,Y,N,N,N,N,N,N,N,,25,noneSelected,noneSelected,noneSelected,800,100,800,800,800,,,,,20231227T224015Z,RELEASE-2024
785bf58b-16fe-4060-b603-21a1895e57fd,HARV_051.basePlot.vst,2020-08-07,,D01,HARV,HARV_051,tower,mixedForest,42.534078,-72.179146,WGS84,20.3,731660.96,4712933.89,18N,370,0.4,OK,vst_HARV_2020,allTowerPlots,allGrowthForms,23_400|39_400,NEON.DOC.000987vJ,Y,,N,Y,Y,N,N,N,N,N,N,N,,100,noneSelected,noneSelected,noneSelected,800,400,800,800,800,,,,,20231227T224015Z,RELEASE-2024
b7a3b8c2-3fa6-4aa1-a890-4bdedaaf457f,HARV_050.basePlot.vst,2020-08-07,,D01,HARV,HARV_050,tower,mixedForest,42.53627,-72.179357,WGS84,20.2,731635.52,4713176.74,18N,368.4,0.4,OK,vst_HARV_2020,allTowerPlots,allGrowthForms,21_400|41_400,NEON.DOC.000987vJ,Y,,N,Y,Y,N,N,N,N,N,N,N,,100,noneSelected,noneSelected,noneSelected,800,400,800,800,800,,,,,20231227T224015Z,RELEASE-2024
a187c635-7f58-4763-b9ea-6bb44cb9cc39,HARV_049.basePlot.vst,2020-08-07,,D01,HARV,HARV_049,tower,mixedForest,42.535171,-72.179779,WGS84,20.3,731604.93,4713053.54,18N,370,0.3,OK,vst_HARV_2020,allTowerPlots,allGrowthForms,23_400|41_400,NEON.DOC.000987vJ,Y,,N,Y,Y,N,N,N,N,N,N,N,,100,noneSelected,noneSelected,noneSelected,800,400,800,800,800,,,,,20231227T224015Z,RELEASE-2024
8303fee2-c049-4825-af6c-e5f9d7fcd34a,HARV_038.basePlot.vst,2021-07-26,,D01,HARV,HARV_038,tower,mixedForest,42.537334,-72.177877,WGS84,20.2,731753.13,4713298.95,18N,367.4,0.3,OK,vst_HARV_2021,towerSubset,allGrowthForms,23_400|39_400,NEON.DOC.000987vJ,Y,Y,N,Y,Y,N,N,N,N,N,N,N,,100,noneSelected,10,noneSelected,800,400,800,800,800,,,,,20231228T002701Z,RELEASE-2024
37dfa338-c892-455e-9846-c5cc2e97c3a4,HARV_033.basePlot.vst,2021-07-26,,D01,HARV,HARV_033,tower,deciduousForest,42.538302,-72.175607,WGS84,20.2,731935.97,4713412.66,18N,358.8,0.2,OK,vst_HARV_2021,towerSubset,allGrowthForms,21_400|23_400,NEON.DOC.000987vJ,Y,Y,N,Y,Y,N,N,N,N,N,N,N,,100,noneSelected,100,noneSelected,800,400,800,800,800,,,,,20231228T002701Z,RELEASE-2024
409170b8-9c0c-4160-af08-83ea25ae5693,HARV_039.basePlot.vst,2021-07-26,,D01,HARV,HARV_039,tower,mixedForest,42.533247,-72.17769,WGS84,20.2,731783.62,4712845.59,18N,373.2,0.2,OK,vst_HARV_2021,towerSubset,allGrowthForms,39_400|41_400,NEON.DOC.000987vJ,Y,Y,N,Y,Y,N,N,N,N,N,N,N,,100,noneSelected,25,noneSelected,800,400,800,800,800,,,,,20231228T002701Z,RELEASE-2024
ce85ae21-59fb-4d96-ab21-9ba3047ed973,HARV_040.basePlot.vst,2021-07-26,,D01,HARV,HARV_040,tower,mixedForest,42.539918,-72.175931,WGS84,20.1,731903.38,4713591.23,18N,342.8,0.1,OK,vst_HARV_2021,towerSubset,allGrowthForms,23_400|41_400,NEON.DOC.000987vJ,Y,Y,N,Y,Y,N,N,N,N,N,N,N,,1,noneSelected,1,noneSelected,800,4,800,800,800,,,,,20231228T002701Z,RELEASE-2024
c20691c7-daf0-4862-bbdd-18ef337109b1,HARV_034.basePlot.vst,2021-07-26,,D01,HARV,HARV_034,tower,evergreenForest,42.535686,-72.177968,WGS84,20.3,731751.76,4713115.68,18N,372.1,0.4,OK,vst_HARV_2021,towerSubset,allGrowthForms,23_400|39_400,NEON.DOC.000987vJ,Y,Y,N,Y,Y,N,N,N,N,N,N,N,,10,noneSelected,100,noneSelected,800,40,800,800,800,,,,,20231228T002701Z,RELEASE-2024
a7b3541a-a8a5-4032-8c0a-1b4a8c1f6128,HARV_034.basePlot.vst,2022-07-14,,D01,HARV,HARV_034,tower,evergreenForest,42.535686,-72.177968,WGS84,20.3,731751.76,4713115.68,18N,372.1,0.4,OK,vst_HARV_2022,towerSubset,allGrowthForms,23_400|39_400,NEON.DOC.000987vK,Y,Y,N,Y,Y,N,N,N,N,N,N,N,,25,noneSelected,100,noneSelected,800,40,800,400,800,,,,,20231229T062244Z,RELEASE-2024
851842e4-224f-48c0-bb27-fab2125b5ab0,HARV_033.basePlot.vst,2022-07-14,,D01,HARV,HARV_033,tower,deciduousForest,42.538302,-72.175607,WGS84,20.2,731935.97,4713412.66,18N,358.8,0.2,OK,vst_HARV_2022,towerSubset,allGrowthForms,21_400|23_400,NEON.DOC.000987vK,Y,Y,N,Y,Y,N,N,N,N,N,N,N,,100,noneSelected,100,noneSelected,800,400,800,400,800,,,,,20231229T062244Z,RELEASE-2024
38c31dde-ac84-4215-9994-f07e770b0e25,HARV_040.basePlot.vst,2022-07-14,,D01,HARV,HARV_040,tower,mixedForest,42.539918,-72.175931,WGS84,20.1,731903.38,4713591.23,18N,342.8,0.1,OK,vst_HARV_2022,towerSubset,allGrowthForms,23_400|41_400,NEON.DOC.000987vK,Y,Y,N,Y,Y,N,N,N,N,N,N,N,,1,noneSelected,1,noneSelected,800,4,800,4,800,,,,,20231229T062244Z,RELEASE-2024
e48e80d2-f8c6-403b-bcbb-ab10eab1fdad,HARV_039.basePlot.vst,2022-07-14,,D01,HARV,HARV_039,tower,mixedForest,42.533247,-72.17769,WGS84,20.2,731783.62,4712845.59,18N,373.2,0.2,OK,vst_HARV_2022,towerSubset,allGrowthForms,39_400|41_400,NEON.DOC.000987vK,Y,Y,N,Y,Y,N,N,N,N,N,N,N,,100,noneSelected,25,noneSelected,800,400,800,100,800,,,,,20231229T062244Z,RELEASE-2024
eae0309a-d70d-4133-8e97-d948a455cbad,HARV_038.basePlot.vst,2022-07-14,,D01,HARV,HARV_038,tower,mixedForest,42.537334,-72.177877,WGS84,20.2,731753.13,4713298.95,18N,367.4,0.3,OK,vst_HARV_2022,towerSubset,allGrowthForms,23_400|39_400,NEON.DOC.000987vK,Y,Y,N,Y,Y,N,N,N,N,N,N,N,,100,noneSelected,10,noneSelected,800,400,800,40,800,,,,,20231229T062244Z,RELEASE-2024
f81a3646-d022-444b-885a-02462eaaa510,HARV_027.basePlot.vst,2023-07-05,"",D01,HARV,HARV_027,distributed,evergreenForest,42.43035,-72.253258,WGS84,20.1,725947.38,4701214.85,18N,183.1,0.2,OK,vst_HARV_2023,distributedAndTowerSubset,allGrowthForms,31_100|32_100|40_100|41_100,NEON.DOC.000987vM,Y,Y,Y,Present - sampled,Present - sampled,N,N,Present - sampling criteria not met,N,N,N,N,N,25,noneSelected,noneSelected,noneSelected,400,400,400,,400,Woody stems measured after senescence.,,,,20240411T041857Z,PROVISIONAL
a3dbd33e-0ff6-449c-94dd-cb0698968e63,HARV_004.basePlot.vst,2023-07-05,"",D01,HARV,HARV_004,distributed,mixedForest,42.427091,-72.229737,WGS84,20.2,727894.17,4700915.85,18N,199.7,0.2,OK,vst_HARV_2023,distributedAndTowerSubset,allGrowthForms,31_100|32_100|40_100|41_100,NEON.DOC.000987vM,Y,Y,Y,Present - sampled,Present - sampled,N,N,Present - sampling criteria not met,N,N,N,N,N,10,noneSelected,noneSelected,noneSelected,400,400,400,,400,"",,,,20240411T041857Z,PROVISIONAL
41ea933a-cbe1-4a73-aa69-5f151f773c2d,HARV_025.basePlot.vst,2023-07-05,"",D01,HARV,HARV_025,distributed,mixedForest,42.475428,-72.273927,WGS84,20.2,724086.14,4706165.89,18N,179.6,0.5,OK,vst_HARV_2023,distributedAndTowerSubset,allGrowthForms,31_100|32_100|40_100|41_100,NEON.DOC.000987vM,Y,Y,Y,Present - sampled,Present - sampled,Present - sampled,N,Present - sampling criteria not met,N,N,N,N,N,noneSelected,noneSelected,noneSelected,noneSelected,400,400,400,,400,Woody stems measured after senescence.,,,,20240411T041857Z,PROVISIONAL
1bb4aec4-013a-49eb-bd7b-6d10df5eb764,HARV_016.basePlot.vst,2023-07-05,2023-07-05,D01,HARV,HARV_016,distributed,woodyWetlands,42.45847,-72.231992,WGS84,20.1,727594.95,4704394.4,18N,232.2,0.3,OK,vst_HARV_2023,distributedAndTowerSubset,allGrowthForms,31_100|32_100|40_100|41_100,NEON.DOC.000987vM,Y,Y,Y,Present - sampled,Present - sampled,Present - sampled,N,Present - sampled,N,N,N,N,N,10,noneSelected,1,noneSelected,400,80,400,400,400,Woody stems measured after senescence.,,,,20240411T041857Z,PROVISIONAL
895857d2-e939-4b14-b4b7-f53bd58afa7d,HARV_033.basePlot.vst,2023-08-07,,D01,HARV,HARV_033,tower,deciduousForest,42.538302,-72.175607,WGS84,20.2,731935.97,4713412.66,18N,358.8,0.2,OK,vst_HARV_2023,distributedAndTowerSubset,allGrowthForms,21_400|23_400,NEON.DOC.000987vM,Y,Y,Y,Present - sampled,Present - sampled,N,N,Present - sampling criteria not met,N,N,N,N,N,100,noneSelected,100,noneSelected,800,400,400,,400,"",,,,20240411T191900Z,PROVISIONAL
3c1d9d2d-979f-4b70-a65a-d0bfefc9b3aa,HARV_038.basePlot.vst,2023-08-07,,D01,HARV,HARV_038,tower,mixedForest,42.537334,-72.177877,WGS84,20.2,731753.13,4713298.95,18N,367.4,0.3,OK,vst_HARV_2023,distributedAndTowerSubset,allGrowthForms,23_400|39_400,NEON.DOC.000987vM,Y,Y,Y,Present - sampled,Present - sampled,N,N,Present - sampling criteria not met,N,N,N,N,N,100,noneSelected,10,noneSelected,400,400,400,,400,"",,,,20240411T191900Z,PROVISIONAL
44a92a8a-0d7a-431b-a3aa-dae2705862c9,HARV_034.basePlot.vst,2023-08-08,,D01,HARV,HARV_034,tower,evergreenForest,42.535686,-72.177968,WGS84,20.3,731751.76,4713115.68,18N,372.1,0.4,OK,vst_HARV_2023,distributedAndTowerSubset,allGrowthForms,23_400|39_400,NEON.DOC.000987vM,Y,Y,Y,Present - sampled,Present - sampled,N,N,Present - sampling criteria not met,N,N,N,N,N,25,noneSelected,100,noneSelected,800,100,800,,800,"",,,,20240411T191900Z,PROVISIONAL
3926e8eb-fe87-4bd6-acf9-053fc68239fc,HARV_014.basePlot.vst,2023-08-09,,D01,HARV,HARV_014,distributed,mixedForest,42.471449,-72.265709,WGS84,20.1,724775.96,4705745.78,18N,199.4,0.2,OK,vst_HARV_2023,distributedAndTowerSubset,allGrowthForms,31_100|32_100|40_100|41_100,NEON.DOC.000987vM,Y,Y,Y,Present - sampled,Present - sampled,N,N,Present - sampling criteria not met,N,N,N,N,N,10,noneSelected,noneSelected,noneSelected,400,80,400,,400,Woody stems measured after senescence.,,,,20240411T191900Z,PROVISIONAL
46ad548a-aa4a-4a96-b8b6-840295674bb7,HARV_006.basePlot.vst,2023-08-09,,D01,HARV,HARV_006,distributed,deciduousForest,42.403087,-72.25372,WGS84,20.1,726007.33,4698186.1,18N,188.8,0.1,OK,vst_HARV_2023,distributedAndTowerSubset,allGrowthForms,31_100|32_100|40_100|41_100,NEON.DOC.000987vM,Y,Y,Y,Present - sampled,Present - sampled,N,N,Present - sampling criteria not met,N,N,N,N,N,10,noneSelected,noneSelected,noneSelected,400,400,400,,400,"",,,,20240411T191900Z,PROVISIONAL
9d62a903-0731-4e08-b213-7eed117d7a05,HARV_002.basePlot.vst,2023-08-09,,D01,HARV,HARV_002,distributed,deciduousForest,42.478565,-72.259572,WGS84,20.1,725254.96,4706552.29,18N,193.6,0.1,OK,vst_HARV_2023,distributedAndTowerSubset,allGrowthForms,31_100|32_100|40_100|41_100,NEON.DOC.000987vM,Y,Y,Y,Present - sampled,Present - sampled,N,N,Present - sampling criteria not met,N,N,N,N,N,10,noneSelected,noneSelected,noneSelected,400,80,400,,400,"",,,,20240411T191900Z,PROVISIONAL
15f6ba7d-962d-4696-85bf-0b155474e2db,HARV_010.basePlot.vst,2023-08-09,,D01,HARV,HARV_010,distributed,mixedForest,42.424723,-72.254599,WGS84,20.1,725857.27,4700586.41,18N,206.9,0.1,OK,vst_HARV_2023,distributedAndTowerSubset,allGrowthForms,31_100|32_100|40_100|41_100,NEON.DOC.000987vM,Y,Y,Y,Present - sampled,Present - sampled,N,N,Present - sampling criteria not met,N,N,N,N,N,10,noneSelected,noneSelected,noneSelected,400,80,400,,400,"",,,,20240411T191900Z,PROVISIONAL
e69e3ba3-b021-44c0-abba-5a619a8509b7,HARV_021.basePlot.vst,2023-08-09,,D01,HARV,HARV_021,distributed,evergreenForest,42.45243,-72.250472,WGS84,20.1,726097.1,4703674.24,18N,175.1,0.1,OK,vst_HARV_2023,distributedAndTowerSubset,allGrowthForms,31_100|32_100|40_100|41_100,NEON.DOC.000987vM,Y,Y,N,Present - sampled,Present - sampled,N,N,N,N,N,N,N,N,3,noneSelected,noneSelected,noneSelected,400,24,400,400,400,"",,,,20240411T191900Z,PROVISIONAL
133f68ca-0542-4062-9763-6deb817104fd,HARV_011.basePlot.vst,2023-08-09,,D01,HARV,HARV_011,distributed,deciduousForest,42.455924,-72.238278,WGS84,20.3,727087.27,4704094.82,18N,231.5,0.4,OK,vst_HARV_2023,distributedAndTowerSubset,allGrowthForms,31_100|32_100|40_100|41_100,NEON.DOC.000987vM,Y,Y,Y,Present - sampled,Present - sampled,N,N,Present - sampling criteria not met,N,N,N,N,N,10,noneSelected,noneSelected,noneSelected,400,80,400,,400,Woody stems measured after senescence.,,,,20240411T191900Z,PROVISIONAL
6dc93a28-b7bd-4c04-8162-fcc4a1bea8a9,HARV_040.basePlot.vst,2023-08-09,,D01,HARV,HARV_040,tower,mixedForest,42.539918,-72.175931,WGS84,20.1,731903.38,4713591.23,18N,342.8,0.1,OK,vst_HARV_2023,distributedAndTowerSubset,allGrowthForms,23_400|41_400,NEON.DOC.000987vM,Y,Y,Y,Present - sampled,Present - sampled,N,N,Present - sampling criteria not met,N,N,N,N,N,3,noneSelected,1,noneSelected,800,4,800,,800,"",,,,20240411T191900Z,PROVISIONAL
dd805108-e644-4876-b4b2-02e8b2f4fcc1,HARV_015.basePlot.vst,2023-08-09,,D01,HARV,HARV_015,distributed,deciduousForest,42.538822,-72.182055,WGS84,20.1,731404.51,4713452.76,18N,363,0.1,OK,vst_HARV_2023,distributedAndTowerSubset,allGrowthForms,31_100|32_100|40_100|41_100,NEON.DOC.000987vM,Y,Y,Y,Present - sampled,Present - sampled,N,N,Present - sampling criteria not met,N,N,N,N,N,10,noneSelected,noneSelected,noneSelected,400,80,400,,400,Woody stems measured after senescence.,,,,20240411T191900Z,PROVISIONAL
6ad1fa7b-5b48-49a6-9040-086f53108fd9,HARV_026.basePlot.vst,2023-08-09,,D01,HARV,HARV_026,distributed,evergreenForest,42.410762,-72.247271,WGS84,20.1,726510.45,4699055.59,18N,194.3,0.2,OK,vst_HARV_2023,distributedAndTowerSubset,allGrowthForms,31_100|32_100|40_100|41_100,NEON.DOC.000987vM,Y,Y,Y,Present - sampled,Present - sampled,N,N,Present - sampling criteria not met,N,N,N,N,N,10,noneSelected,noneSelected,noneSelected,400,80,400,,400,Woody stems measured after senescence.,,,,20240411T191900Z,PROVISIONAL
189a6096-1845-4e3e-b773-5b225fb4fe53,HARV_012.basePlot.vst,2023-08-09,,D01,HARV,HARV_012,distributed,deciduousForest,42.429486,-72.239802,WGS84,20.2,727057.47,4701154.83,18N,233.3,0.2,OK,vst_HARV_2023,distributedAndTowerSubset,allGrowthForms,31_100|32_100|40_100|41_100,NEON.DOC.000987vM,Y,Y,Y,Present - sampled,Present - sampled,N,N,Present - sampling criteria not met,N,N,N,N,N,10,noneSelected,noneSelected,noneSelected,400,80,400,,400,Woody stems measured after senescence.,,,,20240411T191900Z,PROVISIONAL
41cfbe45-99e4-452d-ba3d-95c4ad58c2f0,HARV_023.basePlot.vst,2023-08-09,,D01,HARV,HARV_023,distributed,evergreenForest,42.414314,-72.226622,WGS84,20.2,728196.81,4699505.34,18N,170.4,0.2,OK,vst_HARV_2023,distributedAndTowerSubset,allGrowthForms,31_100|32_100|40_100|41_100,NEON.DOC.000987vM,Y,Y,Y,Present - sampled,Present - sampled,N,N,Present - sampling criteria not met,N,N,N,N,N,10,noneSelected,noneSelected,noneSelected,400,80,400,,400,Woody stems measured after senescence.,,,,20240411T191900Z,PROVISIONAL
fbc38667-6631-4c1e-a8ea-81f077ea38be,HARV_022.basePlot.vst,2023-08-09,,D01,HARV,HARV_022,distributed,evergreenForest,42.434188,-72.198776,WGS84,20.2,730415.32,4701787.58,18N,193.5,0.3,OK,vst_HARV_2023,distributedAndTowerSubset,allGrowthForms,31_100|32_100|40_100|41_100,NEON.DOC.000987vM,Y,Y,Y,Present - sampled,Present - sampled,N,N,Present - sampling criteria not met,N,N,N,N,N,25,noneSelected,noneSelected,noneSelected,400,200,400,,400,"",,,,20240411T191900Z,PROVISIONAL
24d95925-10e2-4ed1-857f-b8be9663bf90,HARV_017.basePlot.vst,2023-08-09,,D01,HARV,HARV_017,distributed,deciduousForest,42.481741,-72.26708,WGS84,20.1,724626.41,4706885.06,18N,226.4,0.2,OK,vst_HARV_2023,distributedAndTowerSubset,allGrowthForms,31_100|32_100|40_100|41_100,NEON.DOC.000987vM,Y,Y,Y,Present - sampled,Present - sampled,N,N,Present - sampling criteria not met,N,N,N,N,N,10,noneSelected,noneSelected,noneSelected,400,80,400,,400,Woody stems measured after senescence.,,,,20240411T191900Z,PROVISIONAL
33be7bd9-d746-4632-a2ec-68dd60ef21e0,HARV_008.basePlot.vst,2023-08-09,,D01,HARV,HARV_008,distributed,deciduousForest,42.444557,-72.226082,WGS84,20.2,728131.45,4702865.25,18N,242.2,0.2,OK,vst_HARV_2023,distributedAndTowerSubset,allGrowthForms,31_100|32_100|40_100|41_100,NEON.DOC.000987vM,Y,Y,Y,Present - sampled,Present - sampled,N,N,Present - sampling criteria not met,N,N,N,N,N,10,noneSelected,noneSelected,noneSelected,400,80,400,,400,"",,,,20240411T191900Z,PROVISIONAL
4cb9a102-6dea-4a70-9911-d5f357bcab9d,HARV_013.basePlot.vst,2023-08-09,,D01,HARV,HARV_013,distributed,evergreenForest,42.392282,-72.254598,WGS84,20.2,725973.86,4696983.89,18N,184.6,0.2,OK,vst_HARV_2023,distributedAndTowerSubset,allGrowthForms,31_100|32_100|40_100|41_100,NEON.DOC.000987vM,Y,Y,Y,Present - sampled,Present - sampled,N,N,Present - sampling criteria not met,N,N,N,N,N,10,noneSelected,noneSelected,noneSelected,400,80,400,,400,"",,,,20240411T191900Z,PROVISIONAL
ee015c6e-1f96-4f96-82a0-8e61b9ccd149,HARV_039.basePlot.vst,2023-08-09,,D01,HARV,HARV_039,tower,mixedForest,42.533247,-72.17769,WGS84,20.2,731783.62,4712845.59,18N,373.2,0.2,OK,vst_HARV_2023,distributedAndTowerSubset,allGrowthForms,39_400|41_400,NEON.DOC.000987vM,Y,Y,Y,Present - sampled,Present - sampled,N,N,Present - sampling criteria not met,N,N,N,N,N,100,noneSelected,25,noneSelected,800,400,800,,800,"",,,,20240411T191900Z,PROVISIONAL
d40b9940-4851-4c3e-87de-48cc36a98489,HARV_005.basePlot.vst,2023-08-09,,D01,HARV,HARV_005,distributed,deciduousForest,42.489469,-72.275158,WGS84,20.1,723934.82,4707721.88,18N,189.8,0.3,OK,vst_HARV_2023,distributedAndTowerSubset,allGrowthForms,31_100|32_100|40_100|41_100,NEON.DOC.000987vM,Y,Y,Y,Present - sampled,Present - sampled,N,N,Present - sampling criteria not met,N,N,N,N,N,25,noneSelected,noneSelected,noneSelected,400,200,400,,400,"",,,,20240411T191900Z,PROVISIONAL
44854436-2cf3-4a60-b459-2b5223dcf93b,HARV_001.basePlot.vst,2023-08-09,,D01,HARV,HARV_001,distributed,deciduousForest,42.424246,-72.258285,WGS84,20.1,725555.73,4700523.64,18N,190,0.2,OK,vst_HARV_2023,distributedAndTowerSubset,allGrowthForms,31_100|32_100|40_100|41_100,NEON.DOC.000987vM,Y,Y,Y,Present - sampled,Present - sampled,N,N,Present - sampling criteria not met,N,N,N,N,N,1,noneSelected,noneSelected,noneSelected,400,8,400,,400,"",,,,20240411T191900Z,PROVISIONAL
